名称,稀有度,价格,用途,介绍,获取途径,标签,食物系列,好感,好感翻倍角色,每好感花费,,
茶界T-Fusion,紫,600,队伍中所有角色消耗的体力降低20%，持续900秒。多人游戏时，仅对自己的角色生效。,清茶，为你解锁清新篇章。茶界T-Fusion，给你不一样的都市茶语。,"售货机
2-Four便利店(桥间地)
2-Four便利店(绘空町)","食物、礼物、可购买
体力、消耗降低、百分比、持续、全队","售货机
2-Four便利店",50,,12,,
冰点冷萃,紫,600,队伍中所有角色体力回复速度提升20%，持续900秒。多人游戏时，仅对自己的角色生效。,唤醒感官，启动生活，冰点冷萃，为每一天注入崭新活力。,"售货机
2-Four便利店(桥间地)
2-Four便利店(绘空町)","食物、礼物、可购买
体力、回复提速、百分比、持续、全队","售货机
2-Four便利店",50,哈索尔,12,,
极点,蓝,450,队伍中所有角色攻击力增加75，持续180秒。多人游戏时，仅对自己的角色生效。,畅爽系列向前迈出的新一步，来自高峰的雪山融水，畅爽，不仅仅是饮料！,"售货机
2-Four便利店(桥间地)
2-Four便利店(绘空町)
2-Four便利店(米格尔区)","食物、礼物、可购买
攻击力、数值、持续、全队","售货机
2-Four便利店",50,,9,,
魔法膨胀全麦面包,蓝,360,为当前角色恢复生命值上限的12%，并额外恢复850点生命值。,饼干大的面包吃不饱？撕开包装，梦幻膨胀！,"售货机
2-Four便利店(桥间地)
2-Four便利店(米格尔区) ","食物、礼物、可购买
生命、百分比、数值、混合、单体、一次性","售货机
2-Four便利店",50,九原,7.2,,
坂井蜜瓜包,蓝,360,为当前角色恢复生命值上限的10%，并在之后的30秒内，每5秒恢复260点生命值。,酥脆的外皮搭配松软香甜的内里，傲娇少女也会对它敞开心房！,"售货机
2-Four便利店(桥间地)
2-Four便利店(米格尔区)","食物、礼物、可购买
生命、百分比、数值、单体、持续","售货机
2-Four便利店",50,哈尼娅,7.2,,
酷辣辣辣条,绿,300,队伍中所有角色暴击率增加4%，持续180秒。多人游戏时，仅对自己的角色生效。,酷辣辣辣条，潮流新款，大块才够味！,"售货机  
2-Four便利店(新赫兰德区)","食物、礼物、可购买
暴击、暴击率、百分比、持续、全队","售货机
2-Four便利店",50,"娜娜莉
哈尼娅",6,,
劲爽「谜」,紫,840,队伍中所有角色攻击力增加140，持续180秒。多人游戏时，仅对自己的角色生效。,劲爽与街头艺术家Enigma的联名之作，唤醒神秘力量，一起来解开未知的「谜」吧！（桥间地限定）,畅爽专卖售货机,"食物、礼物、可购买、可拾取
攻击力、数值、持续、全队",畅爽,50,法帝娅,16.8,,
炫动「零点」,蓝,480,队伍中所有角色攻击力增加80，持续180秒。多人游戏时，仅对自己的角色生效。,气泡与健康，一个都不少！「炫动·零点」，无糖更健康。,"畅爽专卖售货机
2-Four便利店(米格尔区) ","食物、礼物、可购买、可拾取
攻击力、数值、持续、全队",畅爽,50,,9.6,,
劲爽「果漾」,蓝,480,队伍中所有角色暴击率增加6.4%，持续180秒。多人游戏时，仅对自己的角色生效。 ,气泡与柠檬碰撞，前所未有的酸甜劲爽！冷藏之后风味更佳~,"畅爽专卖售货机
2-Four便利店(新赫兰德区)","食物、礼物、可购买、可拾取
暴击、暴击率、百分比、持续、全队",畅爽,50,"海月
卡厄斯",9.6,,
劲爽「冰川」,蓝,480,队伍中所有角色暴击伤害增加12.8%，持续180秒。多人游戏时，仅对自己的角色生效。 ,极致冷感，瞬间爆发，劲爽冰川，激浪一夏。,"畅爽专卖售货机
2-Four便利店(新赫兰德区)","食物、礼物、可购买、可偷取、可拾取
暴击、暴击伤害、百分比、持续、全队",畅爽,50,,9.6,,
炫动,绿,300,队伍中所有角色攻击力增加50，持续180秒。多人游戏时，仅对自己的角色生效。,加倍气泡，每一口都是能量释放，劲爽炫动，让活力随心动！,"畅爽专卖售货机
咔叽玛快餐店(桥间地)
咔叽玛快餐店(绘空町)
咔叽玛快餐店(米格尔区)
食为天家庭餐厅(桥间地)
食为天家庭餐厅(绘空町)
食为天家庭餐厅(米格尔区)
食为天家庭餐厅(新赫兰德区)","食物、礼物、可购买
攻击力、数值、持续、全队",畅爽,50,,6,,
咕比奇原味薯片,蓝,360,为当前角色恢复生命值上限的24%。,咕滋咕滋，爱来自咕比奇！,"咕比奇专卖售货机
2-Four便利店(桥间地)
2-Four便利店(绘空町)
2-Four便利店(米格尔区)
2-Four便利店(新赫兰德区)","食物、礼物、可购买、可拾取、可偷取
生命、百分比、单体、一次性",咕比奇,50,娜娜莉,7.2,,
咕比奇黄瓜薯片,蓝,360,为当前角色恢复1750点生命值。,要是因为薯片的口味吵架的话，咕比奇是会伤心的。,"咕比奇专卖售货机
2-Four便利店(桥间地)
2-Four便利店(绘空町)
2-Four便利店(米格尔区)
2-Four便利店(新赫兰德区)","食物、礼物、可购买、可拾取、可偷取
生命、数值、单体、一次性",咕比奇,50,,7.2,,
咕比奇黄油薯片,蓝,360,当前角色在之后的30秒内，每5秒回复455生命值。,脆口解锁桥间地手工黄油的丝滑与奇妙，限定味觉奇遇，让味蕾跳起来~（桥间地限定）,"咕比奇专卖售货机
2-Four便利店(桥间地)
2-Four便利店(绘空町)
2-Four便利店(米格尔区)
2-Four便利店(新赫兰德区)","食物、礼物、可购买、可拾取
生命、数值、单体、持续",咕比奇,50,,7.2,,
再来一口！「牛奶味」,蓝,360,队伍中所有角色暴击率增加4.8%，持续180秒。多人游戏时，仅对自己的角色生效。,快咬一口公司的知名饼干产品，快咬一口，再来一口牛奶味的！,"咕比奇专卖售货机
2-Four便利店(桥间地)
2-Four便利店(绘空町)","食物、礼物、可购买、可拾取、可偷取
暴击、暴击率、百分比、持续、全队",咕比奇,50,早雾,7.2,,
再来一口！「巧克力味」,蓝,360,队伍中所有角色暴击伤害增加9.6%，持续180秒。多人游戏时，仅对自己的角色生效。,快咬一口公司的知名饼干产品，快咬一口，再来一口巧克力味的！,"咕比奇专卖售货机
2-Four便利店(桥间地)
2-Four便利店(绘空町)","食物、礼物、可购买、可拾取、可偷取
暴击、暴击伤害、百分比、持续、全队",咕比奇,50,,7.2,,
咕比脆,绿,300,为当前角色恢复生命值上限的20%。,咕比奇最爱的坚果脆零食，营养，美味，我全都要！ ,"咕比奇专卖售货机
2-Four便利店(米格尔区) ","食物、礼物、可购买
生命、百分比、单体、一次性",咕比奇,50,薄荷,6,,
鲍勃橙意满满,蓝,510,为当前角色恢复2500点生命值。,「鲍勃叔叔」推出的橙味果汁饮料，维C每日，橙意满满，粒粒鲜橙吃得到！,"鲍勃叔叔专卖售货机
咔叽玛快餐店(桥间地)
咔叽玛快餐店(绘空町)
咔叽玛快餐店(米格尔区)
食为天家庭餐厅(桥间地)
食为天家庭餐厅(绘空町)
食为天家庭餐厅(米格尔区)
食为天家庭餐厅(新赫兰德区)","食物、礼物、可购买
生命、数值、单体、一次性",鲍勃叔叔,50,,10.2,,
鲍勃莓莓相遇,蓝,510,为当前角色恢复生命值上限的34%。,草莓与蓝莓最好的相遇，就在「鲍勃叔叔」果园系列！,鲍勃叔叔专卖售货机,"食物、礼物、可购买
生命、百分比、单体、一次性",鲍勃叔叔,50,,10.2,,
鲍勃惊喜果园,蓝,510,当前角色在之后的30秒内，每5秒回复650生命值。,基于已有的果汁饮料开发出的混合果汁饮料，多种果味定能给你意外惊喜~,鲍勃叔叔专卖售货机,"食物、礼物、可购买
生命、数值、单体、持续",鲍勃叔叔,50,,10.2,,
鲍勃阳光牧场,蓝,480,为当前角色恢复生命值上限的16%，并在之后的30秒内，每5秒恢复299点生命值。,喝牛奶当然会让你长高——不过还需要足够的锻炼和充足的营养！,鲍勃叔叔专卖售货机,"食物、礼物、可购买
生命、百分比、数值、混合、单体、持续",鲍勃叔叔,50,,9.6,,
鲍勃茶园,绿,300,为当前角色恢复1450点生命值。 ,精选优质茶叶，让每一位顾客随时随地喝到最优质的绿茶。,"鲍勃叔叔专卖售货机
2-Four便利店(米格尔区) ","食物、礼物、可购买
生命、数值、单体、持续",鲍勃叔叔,50,翳（狗哥）,6,,
噗卡巧克力「绘莉巡演纪念款」,金,1050,为当前角色恢复生命值上限的56%。,为纪念绘莉在桥间地的首场演出而发售的纪念款。每一块都是独家回忆，与你共享不灭的星光。（桥间地限定）,"噗卡糖果专卖店货机
噗卡糖果店(桥间地)","食物、礼物、可购买、可拾取
生命、百分比、单体、一次性",噗卡糖果,50,"哈尼娅
真红",21,,
噗卡好梦棉花糖,紫,660,复活选中角色，并额外恢复2200生命值。,睡前一颗好梦棉花糖，蓬蓬软软，涤净一天的劳累，做个好梦！,"噗卡糖果专卖售货机
噗卡糖果店(桥间地)
噗卡糖果店(米格尔区)
噗卡糖果店(新赫兰德区)","食物、礼物、可购买
复活、生命、数值、单体、一次性",噗卡糖果,50,"小吱
达芙蒂尔
伊洛伊",13.2,,
噗卡巧克力「经典系列」,紫,600,为当前角色恢复生命上限的40%。,经典之选，回味无穷，噗卡，在你舌尖上弹跳！,"噗卡糖果专卖售货机
噗卡糖果店(桥间地)
噗卡糖果店(米格尔区)
噗卡糖果店(新赫兰德区)","食物、礼物、可购买、可拾取
生命、百分比、单体、一次性",噗卡糖果,50,,12,,
噗卡巧克力「果仁风暴」,紫,600,为当前角色恢复2950点生命值。,果仁与巧克力的完美邂逅，噗卡，每一口都是奢华盛宴。,"噗卡糖果专卖售货机
噗卡糖果店(桥间地)
噗卡糖果店(米格尔区)
噗卡糖果店(新赫兰德区)","食物、礼物、可购买、可拾取
生命、数值、单体、一次性",噗卡糖果,50,,12,,
噗卡巧克力「热辣挑战」,紫,600,当前角色在之后的30秒内，每5秒回复767生命值。,辣味与甜意的叛逆碰撞，噗卡，给乏味的生活加料！,"噗卡糖果专卖售货机
噗卡糖果店(桥间地)
噗卡糖果店(米格尔区)
噗卡糖果店(新赫兰德区)","食物、礼物、可购买、可拾取
生命、数值、单体、持续",噗卡糖果,50,白藏,12,,
噗卡幸运星,蓝,450,为当前角色恢复生命上限的30%。,感觉诸事不顺？来一颗噗卡幸运星，立刻转运！,"噗卡糖果专卖售货机
噗卡糖果店(桥间地)
噗卡糖果店(米格尔区)
噗卡糖果店(新赫兰德区)","食物、礼物、可购买
生命、百分比、单体、一次性",噗卡糖果,50,,9,,
极品豆腐排,紫,660,复活选中角色，并恢复生命值上限的30%。,散发着独特香味的豆制品料理，独家烟熏工艺赋予其浓郁醇厚的香气，入口即化的豆腐带着微焦香，此即升华！,"夏成豆腐店(米格尔区)
茂藏家豆腐店(桥间地)
茂藏家豆腐店(绘空町)
茂藏家豆腐店(新赫兰德区)","食物、礼物、可购买
复活、生命、百分比、单体、一次性",豆腐店,50,,13.2,,
炸豆腐,蓝,450,为当前角色恢复生命值上限的20%，并在之后的30秒内，每5秒恢复182点生命值。,炸到金灿灿的豆制品料理，外壳酥脆，内心柔软，啊！要小心烫口哦！,"夏成豆腐店(米格尔区)
茂藏家豆腐店(桥间地)
茂藏家豆腐店(绘空町)
茂藏家豆腐店(新赫兰德区)","食物、礼物、可购买
生命、百分比、数值、混合、单体、持续",豆腐店,50,,9,,
手磨纯豆乳,蓝,450,为当前角色恢复1450点生命值，并在之后的30秒内，每5秒恢复182点生命值。,散发着浓郁豆子香味的饮品，低热量，高蛋白，健康生活，不二选择！,"夏成豆腐店(米格尔区)
茂藏家豆腐店(桥间地)
茂藏家豆腐店(绘空町)
茂藏家豆腐店(新赫兰德区)","食物、礼物、可购买
生命、数值、单体、一次性、持续",豆腐店,50,,9,,
白雪豆花,蓝,450,为当前角色恢复生命值上限的10%，并在之后的30秒内，每5秒恢复377点生命值。,洁白柔软的豆制品料理，如白雪一样可爱。虽然咸派和甜派纷争不断，那为什么不试试加辣椒呢？,"夏成豆腐店(米格尔区)
茂藏家豆腐店(桥间地)
茂藏家豆腐店(绘空町)
茂藏家豆腐店(新赫兰德区)","食物、礼物、可购买
生命、百分比、数值、混合、单体、持续、一次性",豆腐店,50,埃德嘉,9,,
超级豚骨拉面,紫,600,队伍中所有角色攻击力增加100，持续180秒。多人游戏时，仅对自己的角色生效。,卜多力大厨的得意之作——精选上好鲜肉，8小时熬制大骨浓汤，卜多力大厨亲自拉面，佐以秘制酱汁，端到顾客面前时，飘出的水汽是香味的具象化，这才能称得上「超级」！,"卜多力居酒屋(桥间地)
千酿鲜吟居酒屋(米格尔区)
千酿鲜吟居酒屋(新赫兰德区)","食物、礼物、可购买
攻击力、数值、持续、全队",居酒屋,50,薄荷,12,,
时令寿司船,紫,600,队伍中所有角色暴击率增加8%，持续180秒。多人游戏时，仅对自己的角色生效。,满载各色手握的寿司船，储备着当季的新鲜食材，再带上一小碟承载理想的芥末酱油，向着诗和远方，前进！！！,"卜多力居酒屋(桥间地)
千酿鲜吟居酒屋(米格尔区)
千酿鲜吟居酒屋(新赫兰德区)","食物、礼物、可购买
暴击、暴击率、百分比、持续、全队",居酒屋,50,残虹,12,,
酥酥酥天丼,紫,600,队伍中所有角色攻击伤害增加16%，持续180秒。多人游戏时，仅对自己的角色生效。,咕滋——咕滋——咕滋——停……停不下来！麻烦，请，拜托！再来一碗吧！,"卜多力居酒屋(桥间地)
千酿鲜吟居酒屋(米格尔区)
千酿鲜吟居酒屋(新赫兰德区)","食物、礼物、可购买
攻击力、百分比、持续、全队",居酒屋,50,,12,,
蜜汁鸡肉串,蓝,450,队伍中所有角色攻击力增加75，持续180秒。多人游戏时，仅对自己的角色生效。,店长秘制的谜之蜜汁，让鸡肉串咸香甜嫩，风味十足！,"卜多力居酒屋(桥间地)
千酿鲜吟居酒屋(米格尔区)
千酿鲜吟居酒屋(新赫兰德区)","食物、礼物、可购买
攻击力、数值、持续、全队",居酒屋,50,,9,,
炭烤青花鱼,蓝,450,队伍中所有角色暴击率增加6%，持续180秒。多人游戏时，仅对自己的角色生效。,传统炭火慢烤，几十年如一日的经典味道，无论是家庭聚餐，还是好友小酌，均受到除青花鱼外的所有当事人认可。,"卜多力居酒屋(桥间地)
千酿鲜吟居酒屋(米格尔区)
千酿鲜吟居酒屋(新赫兰德区)","食物、礼物、可购买
暴击、暴击率、百分比、持续、全队",居酒屋,50,,9,,
千代家自酿生啤,绿,300,队伍中所有角色防御力增加50，持续180秒。多人游戏时，仅对自己的角色生效。,"千代婆婆自酿的植物发酵饮品。老旧的发酵桶，一道道划痕不甚清晰地映照出少女日渐佝偻的身影……
「喂喂喂！只是麦子啊，甜水都能把你放倒？」","卜多力居酒屋(桥间地)
千酿鲜吟居酒屋(米格尔区)
千酿鲜吟居酒屋(新赫兰德区)","食物、礼物、可购买
防御力、数值、持续、全队",居酒屋,50,浔,6,,
热辣烤鸡菠萝丼,紫,810,复活选中角色，并恢复生命值上限的40%。,辣味鸡肉与甜蜜菠萝的奇妙碰撞，为你带走疲惫，加满状态！,"2-Four便利店(绘空町)
2-Four便利店(米格尔区)","食物、礼物、可购买
复活、生命、百分比、单体、一次性",2-Four便利店,50,,16.2,,
咔咔蔬菜三明治,蓝,450,复活选中角色，并额外恢复1150生命值。 ,鲜美蟹柳，爽脆蔬菜！一口咔嚓，超满足！,"2-Four便利店(绘空町)
2-Four便利店(米格尔区)","食物、礼物、可购买
复活、生命、数值、单体、一次性",2-Four便利店,50,,9,,
咔叽玛熔岩瀑布堡,蓝,450,队伍中所有角色防御力增加75，持续180秒。多人游戏时，仅对自己的角色生效。,浓郁切达芝士，香滑车打芝士，层层熔融在鲜嫩牛肉饼上——一场芝士的角逐即将爆发！,"咔叽玛快餐店(桥间地)
咔叽玛快餐店(绘空町)
咔叽玛快餐店(米格尔区)","食物、礼物、可购买
防御力、数值、持续、全队",咔叽玛快餐店,50,翳（狗哥）,9,,
咔叽玛火山哞哞堡,蓝,450,队伍中所有角色攻击力增加75，持续180秒。多人游戏时，仅对自己的角色生效。,勇敢的斗牛士啊，眼前的斗牛已被注入火山般的热辣能量，正等待迎接你的挑战！快来挥舞你的旗帜，争夺你的辣味勋章吧！,"咔叽玛快餐店(桥间地)
咔叽玛快餐店(绘空町)
咔叽玛快餐店(米格尔区)","食物、礼物、可购买
攻击力、数值、持续、全队",咔叽玛快餐店,50,,9,,
咔叽玛浓情蜜翼,蓝,450,队伍中所有角色暴击伤害增加12%，持续180秒。多人游戏时，仅对自己的角色生效。,想要和天空来一次甜蜜接触？用咔叽玛给你的翅膀飞，多远都不累！,"咔叽玛快餐店(桥间地)
咔叽玛快餐店(绘空町)
咔叽玛快餐店(米格尔区)","食物、礼物、可购买
暴击、暴击伤害、百分比、持续、全队",咔叽玛快餐店,50,,9,,
咔叽玛番茄酱,蓝,0,为当前角色恢复2350点生命值。,"「献给某某的花束-一支狼桃花」任务道具
PS：实际上就是番茄百分百果冻，唯一，不要用。","羁遇「献给某某的花束-一支狼桃花」剧情获得
小吱 3级羁遇 好感度任务
不可再生，不要用掉！","食物、礼物、特殊获取、不可再生
生命、数值、单体、一次性",咔叽玛快餐店,50,,0,,
咔叽玛薯霸,绿,300,队伍中所有角色暴击率增加4%，持续180秒。多人游戏时，仅对自己的角色生效。,"咬一口，停不住！
Once you chop, you can't stop!","咔叽玛快餐店(桥间地)
咔叽玛快餐店(绘空町)
咔叽玛快餐店(米格尔区)","食物、礼物、可购买
暴击、暴击率、百分比、持续、全队",咔叽玛快餐店,50,埃德嘉,6,,
玫瑰荔枝蛋糕,紫,660,为当前角色恢复1600点生命值，并在之后的30秒内，每5秒恢复416点生命值。,玫瑰调味的鲜果啫喱与荔枝果肉奶油层叠交融，呈现出浪漫的花香与清新的果香。是本店的浪漫人气甜品~,"爱丽丝烘焙坊(桥间地)  
爱丽丝烘焙坊(新赫兰德区)","食物、礼物、可购买
生命、数值、单体、一次性、持续",爱丽丝烘焙坊,50,小吱,13.2,,
奶油柿子千层,紫,660,当前角色恢复生命值上限的22%，并额外回复1600点生命值。,这份千层蛋糕的精髓是每日现做的柿子果酱与手剥柿子溏心，店里每天只能供应8份，想要吃到一定要早点来！,"爱丽丝烘焙坊(绘空町)
爱丽丝烘焙坊(米格尔区)","食物、礼物、可购买
生命、数值、百分比、混合、单体、一次性",爱丽丝烘焙坊,50,,13.2,,
开心果榛子千层,紫,660,为当前角色恢复生命值上限的22%，并在之后的30秒内，每5秒恢复416点生命值。,层层酥脆的千层蛋糕，夹杂着香浓的榛子奶油与开心果酱。是不计热量的美味甜点，用它来作为工作日最后一天的奖励吧！,"爱丽丝烘焙坊(绘空町)
爱丽丝烘焙坊(米格尔区)
爱丽丝烘焙坊(新赫兰德区)","食物、礼物、可购买
生命、数值、百分比、混合、单体、一次性、持续",爱丽丝烘焙坊,50,,13.2,,
青酱培根司康,蓝,600,为当前角色恢复生命值上限的20%，并额外回复1450点生命值。,外脆内软的司康，搭配罗勒青酱与香脆培根。是深受感喜爱的咸香点心！,"爱丽丝烘焙坊(桥间地)
爱丽丝烘焙坊(绘空町)
爱丽丝烘焙坊(米格尔区)
爱丽丝烘焙坊(新赫兰德区)","食物、礼物、可购买
生命、数值、百分比、混合、单体、一次性",爱丽丝烘焙坊,50,,12,,
斑斓椰果子,蓝,480,为当前角色恢复850点生命值，并在之后的30秒内，每5秒恢复377点生命值。,色泽清新的斑斓椰果子，内里是香甜的椰子奶霜酱，一口咬下去超级柔软！,"爱丽丝烘焙坊(桥间地)
爱丽丝烘焙坊(绘空町)
爱丽丝烘焙坊(米格尔区)
爱丽丝烘焙坊(新赫兰德区)","食物、礼物、可购买
生命、数值、单体、一次性、持续",爱丽丝烘焙坊,50,,9.6,,
莓果总汇奶油长棍面包,蓝,480,为当前角色恢复生命值上限的20%，并额外回复850点生命值。,黄油奶油在新鲜出炉的长棍面包表面轻微融化，内里酸甜的莓果奶油保持冰凉的口感，为你带来冰火两重天的独特感受！,"爱丽丝烘焙坊(桥间地)
爱丽丝烘焙坊(米格尔区)
爱丽丝烘焙坊(新赫兰德区)","食物、礼物、可购买
生命、数值、百分比、混合、单体、一次性",爱丽丝烘焙坊,50,,9.6,,
沸腾炼金术,紫,600,队伍中所有角色消耗的体力降低20%，持续900秒。多人游戏时，仅对自己的角色生效。,牛奶与咖啡在适宜温度下的完美融合，这不是魔法，是现代炼金术！,"9°C咖啡店(桥间地)
9°C咖啡店(绘空町)
9°C咖啡店(米格尔区)
9°C咖啡店(新赫兰德区)","食物、礼物、可购买
体力、消耗降低、百分比、持续、全队",9°C咖啡店,50,,12,,
热巧元气弹,紫,600,队伍中所有角色体力回复速度提升20%，持续900秒。多人游戏时，仅对自己的角色生效。,由热巧克力、双倍浓缩咖啡、鲜奶油调和而成，既能提神也能供应充足的能量，给你提供满元元气！,"9°C咖啡店(桥间地)
9°C咖啡店(绘空町)
9°C咖啡店(米格尔区)
9°C咖啡店(新赫兰德区)","食物、礼物、可购买
体力、回复提速、百分比、持续、全队",9°C咖啡店,50,,12,,
白胡子拍档,紫,600,队伍中所有角色体力回复速度提升15%，持续900秒。多人游戏时，仅对自己的角色生效。,让双唇与绵密的奶泡来一次亲密接触吧，要小心奶泡底下滚烫的咖啡哦！,"9°C咖啡店(桥间地)
9°C咖啡店(绘空町)
9°C咖啡店(米格尔区)
9°C咖啡店(新赫兰德区)","食物、礼物、可购买
体力、回复提速、百分比、持续、全队",9°C咖啡店,50,,12,,
夏日冷萃,蓝,450,队伍中所有角色消耗的体力降低15%，持续900秒。多人游戏时，仅对自己的角色生效。,丝丝沁凉的冷萃咖啡，为您卷走夏日的暑气与班味。,"9°C咖啡店(桥间地)
9°C咖啡店(绘空町)
9°C咖啡店(米格尔区)
9°C咖啡店(新赫兰德区)","食物、礼物、可购买
体力、消耗降低、百分比、持续、全队",9°C咖啡店,50,九原,9,,
砂海白,蓝,450,队伍中所有角色体力回复速度提升15%，持续900秒。多人游戏时，仅对自己的角色生效。,砂海白的灵感源于店主人生中第一杯拿铁，其中掺杂着家乡的海风，和姥姥亲手研磨的黄冰糖的味道。,"9°C咖啡店(桥间地)
9°C咖啡店(绘空町)
9°C咖啡店(米格尔区)
9°C咖啡店(新赫兰德区)","食物、礼物、可购买
体力、回复提速、百分比、持续、全队",9°C咖啡店,50,,9,,
猫猫猛锤荔浦芋头布丁奶茶,蓝,450,队伍中所有角色攻击力增加75，持续180秒。多人游戏时，仅对自己的角色生效。,蒸得软软糯糯的荔浦芋头超好欺负喵！左右开弓摇打喵！这次就放过布丁喵！,"抽风猫奶茶铺(桥间地)
抽风猫奶茶铺(绘空町)
抽风猫奶茶铺(米格尔区)
抽风猫奶茶铺(新赫兰德区)","食物、礼物、可购买
攻击力、数值、持续、全队",抽风猫奶茶铺,50,"薄荷
小吱",9,,
猫猫噗通噗通黑糖丸子脏脏茶,蓝,450,队伍中所有角色防御力增加75，持续180秒。多人游戏时，仅对自己的角色生效。,猫猫噗通噗通用尽全力喵，每一颗都是爱你的形状喵！,"抽风猫奶茶铺(桥间地)
抽风猫奶茶铺(绘空町)
抽风猫奶茶铺(米格尔区)
抽风猫奶茶铺(新赫兰德区)","食物、礼物、可购买
防御力、数值、持续、全队",抽风猫奶茶铺,50,早雾,9,,
猫猫讨厌柠檬冰茶,蓝,450,队伍中所有角色暴击率增加6%，持续180秒。多人游戏时，仅对自己的角色生效。,猫猫大人躲远远喵，酸酸茶都是坏仆人的主意喵！,"抽风猫奶茶铺(桥间地)
抽风猫奶茶铺(绘空町)
抽风猫奶茶铺(米格尔区)
抽风猫奶茶铺(新赫兰德区)","食物、礼物、可购买
暴击、暴击率、百分比、持续、全队",抽风猫奶茶铺,50,,9,,
猫猫惬意鱼治摸茶,蓝,450,队伍中所有角色暴击伤害增加12%，持续180秒。多人游戏时，仅对自己的角色生效。,帅气爪子摸一摸，茶也能变得更美味喵！摸完茶要堂堂正正摸鱼喵！,"抽风猫奶茶铺(桥间地)
抽风猫奶茶铺(绘空町)
抽风猫奶茶铺(米格尔区)
抽风猫奶茶铺(新赫兰德区)","食物、礼物、可购买
暴击、暴击伤害、百分比、持续、全队",抽风猫奶茶铺,50,达芙蒂尔,9,,
「惬意猫猫鱼」,绿,0,队伍中所有角色暴击率增加6%，持续180秒。多人游戏时，仅对自己的角色生效。,达芙蒂尔凭印象记下的名字「猫猫鱼」，听起来比奶茶原本的名字更顺口,"羁遇「视线之外-奶茶的本质？」剧情获得
达芙蒂尔 3级羁遇 好感度任务
抽风猫奶茶铺(桥间地)
不可再生，不要用掉！","食物、礼物、特殊获取、不可再生
暴击、暴击率、百分比、持续、全队",抽风猫奶茶铺,50,达芙蒂尔,,,
心迷宫,金,1800,队伍中所有角色暴击率增加12%，持续600秒。多人游戏时，仅对自己的角色生效。,柑橘和香料勾勒出回忆的轮廓。人们的过去撕碎又缝补在一起，觥筹交错间分不清那些真心假意，那就不妨不分。,"A.R.P.T.SBar(米格尔区)
A.R.P.T.SBar(新赫兰德区)","食物、礼物、可购买
暴击、暴击率、百分比、持续、全队",A.R.P.T.SBar,50,"法帝娅
残虹",36,,
浪人的班卓琴,金,1800,队伍中所有角色暴击伤害增加24%，持续600秒。多人游戏时，仅对自己的角色生效。,带有淡淡的烟熏味和坚果香味，混合一点麦芽的甜香，余味悠长。浪人说，令他安心的地方便是家，新的家人正随着琴声打拍起舞。到明天以前，这里都是流浪的终点。,"A.R.P.T.SBar(米格尔区)
A.R.P.T.SBar(新赫兰德区)","食物、礼物、可购买
暴击、暴击伤害、百分比、持续、全队",A.R.P.T.SBar,50,阿德勒,36,,
角斗士之歌,金,1800,队伍中所有角色攻击力增加150，持续600秒。多人游戏时，仅对自己的角色生效。,丰富的焦糖味夹杂着恰到好处的苦涩，回味带有一丝橡木的香气。向你致敬，我的朋友，向我们生活中的每一场战斗致敬。,"A.R.P.T.SBar(米格尔区)
A.R.P.T.SBar(新赫兰德区)","食物、礼物、可购买
攻击力、数值、持续、全队",A.R.P.T.SBar,50,翳（狗哥）,36,,
海特威,紫,600,队伍中所有角色攻击力增加100，持续180秒。多人游戏时，仅对自己的角色生效。,"「抓住今天。」
从大木桶的水龙头里接出一大杯气泡四溢、深金色的「海特威」，与身边的朋友或是陌生人高举双手，纵情欢笑，将所有的不愉快抛诸脑后，沉浸在此刻的满足之中吧！","A.R.P.T.SBar(米格尔区)
A.R.P.T.SBar(新赫兰德区)","食物、礼物、可购买
攻击力、数值、持续、全队",A.R.P.T.SBar,50,,12,,
经典提拉米苏,蓝,480,为当前角色恢复生命值上限的32%。,咖啡和柔脂乳酸，一对甜蜜拍档——「带我走吧！」,"Felicità Gelato冰淇淋店(桥间地)
碎雪冰淇淋店(绘空町)
Felicità Gelato冰淇淋店(米格尔区)
Felicità Gelato冰淇淋店(新赫兰德区)","食物、礼物、可购买
生命、百分比、单体、一次性",冰淇淋店,50,,9.6,,
奶油香草梦,蓝,480,为当前角色恢复2350点生命值。,一百万颗香草籽陷入了奶油做的云朵——用你的嘴唇融化这份柔软的香甜吧！,"Felicità Gelato冰淇淋店(桥间地)
碎雪冰淇淋店(绘空町)
Felicità Gelato冰淇淋店(米格尔区)
Felicità Gelato冰淇淋店(新赫兰德区)","食物、礼物、可购买
生命、数值、单体、一次性",冰淇淋店,50,,9.6,,
缤纷香果派对,蓝,480,当前角色在之后的30秒内，每5秒回复611生命值。,芒果、菠萝和香蕉的派对，带着你直接飞往热带岛屿，在夏夜晚风中随着尤克里里的节拍，舞！舞！舞！,"Felicità Gelato冰淇淋店(桥间地)
碎雪冰淇淋店(绘空町)
Felicità Gelato冰淇淋店(米格尔区)
Felicità Gelato冰淇淋店(新赫兰德区)","食物、礼物、可购买
生命、数值、单体、持续",冰淇淋店,50,,9.6,,
莓莓四重奏,蓝,480,为当前角色恢复1150点生命值，并在之后的30秒内，每5秒恢复299点生命值。,草莓、蓝莓、覆盆子和黑莓的组合，仿佛置身清晨的林间，采撷灌木丛中散落的晨星，擦去昨夜的落霜，品尝它们的酸甜青涩。,"Felicità Gelato冰淇淋店(桥间地)
碎雪冰淇淋店(绘空町)
Felicità Gelato冰淇淋店(米格尔区)
Felicità Gelato冰淇淋店(新赫兰德区)","食物、礼物、可购买
生命、数值、单体、一次性、持续",冰淇淋店,50,,9.6,,
坚果焦糖爆爆杯,蓝,480,为当前角色恢复生命值上限的16%，并额外回复1150点生命值。,焦糖与香脆坚果在舌尖上跳跃，好似徜徉在庆祝丰收的金秋盛宴之中。谁此时计算卡路里，就让他永远孤独！,"Felicità Gelato冰淇淋店(桥间地)
碎雪冰淇淋店(绘空町)
Felicità Gelato冰淇淋店(米格尔区)
Felicità Gelato冰淇淋店(新赫兰德区)","食物、礼物、可购买
生命、百分比、数值、混合、单体、一次性",冰淇淋店,50,,9.6,,
猫丸秘制豆乳拉面,紫,600,为当前角色恢复2200点生命值，并在之后的30秒内，每5秒回复182点生命值。,汤清味鲜、筋道弹牙的拉面，令人食欲大振！汤底以豆浆为基础，加入昆布和松茸慢火熬制，佐以手工制作的油炸豆皮，豆香浓郁，不容错过！,"猫丸拉面店(桥间地)
猫丸拉面店(绘空町)
猫丸拉面店(米格尔区)
猫丸拉面店(新赫兰德区)","食物、礼物、可购买
生命、数值、单体、一次性、持续",猫丸拉面店,50,白藏,12,,
猫丸秘制辛红拉面,紫,600,为当前角色恢复生命值上限的30%，并额外回复700点生命值,鸡汤混合香味辣油、特制辣味噌、多种辣椒和新鲜辣椒酱，汤色呈鲜红色，再佐以浅浅炙烤过的超大青色辣椒，光是看一眼都让人冒汗的地狱拉面！,"猫丸拉面店(桥间地)
猫丸拉面店(绘空町)
猫丸拉面店(米格尔区)
猫丸拉面店(新赫兰德区)","食物、礼物、可购买
生命、百分比、数值、混合、单体、一次性",猫丸拉面店,50,娜娜莉,12,,
猫丸秘制豚骨拉面,蓝,480,为当前角色恢复生命值上限的24%，并在之后的30秒内，每5秒恢复143点生命值。,长时间熬煮的浓郁汤头，超大块厚切的叉烧肉软嫩入味，再佐以海苔、溏心蛋和笋干，是猫丸师傅最为自满的招牌拉面！,"猫丸拉面店(桥间地)
猫丸拉面店(绘空町)
猫丸拉面店(米格尔区)
猫丸拉面店(新赫兰德区)","食物、礼物、可购买
生命、百分比、数值、混合、单体、一次性、持续",猫丸拉面店,50,,9.6,,
猫丸秘制鸡白汤拉面,蓝,480,为当前角色恢复生命值上限的24%，并在之后的30秒内，每5秒恢复143点生命值。,用洋葱激发出鸡肉的鲜甜，汤底浓郁不腻口。马铃薯泥、奶油、白胡椒碎搅打制成奶泡。再佐以溏心蛋与超细的金黄马铃薯丝，味道绝赞！,"猫丸拉面店(桥间地)
猫丸拉面店(绘空町)
猫丸拉面店(米格尔区)
猫丸拉面店(新赫兰德区)","食物、礼物、可购买
生命、百分比、数值、混合、单体、一次性、持续",猫丸拉面店,50,,9.6,,
经典三重奏,紫,660,为当前角色恢复3250点生命值。,经典的三重奏：番茄酱、新鲜奶酪和罗勒叶。红番茄酱打底，奶白色的奶酪和翠绿的罗勒叶点缀其上，再撒点盐和淋上橄榄油。是最经典的披萨。,"玛雷尼披萨餐厅(桥间地)
玛雷尼披萨餐厅(米格尔区)
玛雷尼披萨餐厅(新赫兰德区)","食物、礼物、可购买
生命、数值、单体、一次性",玛雷尼披萨餐厅,50,法帝娅,13.2,,
浓香火腿披萨,紫,660,为当前角色恢复3250点生命值。,醇香的奶酪，粉嫩的火腿薄片，微酸的番茄酱，再点缀上樱桃番茄和脆嫩的芝麻菜与罗勒叶。用料十足，色彩饱满，是本店的人气披萨。,"玛雷尼披萨餐厅(桥间地)
玛雷尼披萨餐厅(米格尔区)
玛雷尼披萨餐厅(新赫兰德区)","食物、礼物、可购买
生命、数值、单体、一次性",玛雷尼披萨餐厅,50,,13.2,,
番茄罗勒通心粉,紫,660,当前角色在之后的30秒内，每5秒回复845生命值。,经典的通心粉，搭配新鲜的番茄酱和芳香的罗勒叶，撒上香浓的奶酪。简单又美味，每一口都是让人怀念的味道。,"玛雷尼披萨餐厅(桥间地)
玛雷尼披萨餐厅(米格尔区)
玛雷尼披萨餐厅(新赫兰德区)","食物、礼物、可购买
生命、数值、单体、持续",玛雷尼披萨餐厅,50,,13.2,,
内酱千层面,紫,660,当前角色在之后的30秒内，每5秒回复845生命值。,层层叠叠的千层面，裹满浓郁的肉酱和奶油酱，再撒上浓浓奶酪，烤至金黄……所有美食爱好者都不该错过这道佳肴。,"玛雷尼披萨餐厅(桥间地)
玛雷尼披萨餐厅(米格尔区)
玛雷尼披萨餐厅(新赫兰德区)","食物、礼物、可购买
生命、数值、单体、持续",玛雷尼披萨餐厅,50,,13.2,,
柠檬气泡水,紫,660,为当前角色恢复生命上限的22%，并在之后的30秒内，每5秒回复416点生命值。,清新的柠檬片与气泡水的完美结合，再加上一点点薄荷叶，带来清爽的口感。,"玛雷尼披萨餐厅(桥间地)
玛雷尼披萨餐厅(米格尔区)
玛雷尼披萨餐厅(新赫兰德区)","食物、礼物、可购买
生命、百分比、数值、混合、单体、一次性、持续",玛雷尼披萨餐厅,50,,13.2,,
缤纷轻食沙拉,蓝,450,当前角色在之后的30秒内，每5秒回复572生命值。,健康沙拉碗，搭配新鲜的生菜、脆烤面包丁和嫩煎鸡胸肉，再撒上少许干酪，是轻食爱好者的理想选择！,"食为天家庭餐厅(桥间地)
食为天家庭餐厅(绘空町)
食为天家庭餐厅(米格尔区)
食为天家庭餐厅(新赫兰德区)","食物、礼物、可购买
生命、数值、单体、持续",食为天家庭餐厅,50,哈索尔,9,,
元气儿童套餐,蓝,450,为当前角色恢复生命值上限的30%。,欢迎来到梦幻岛！当小英雄补充好元气以后，尝试在店内搜寻人气象象的踪影吧！你将会获得一个超酷的异象手办！,"食为天家庭餐厅(桥间地)
食为天家庭餐厅(绘空町)
食为天家庭餐厅(米格尔区)
食为天家庭餐厅(新赫兰德区)","食物、礼物、可购买
生命、百分比、单体、一次性",食为天家庭餐厅,50,"早雾
白藏",9,,
辣鸡扒咖喱饭,蓝,420,复活选中角色，并恢复生命值上限的14%。,超大块现炸辣鸡扒，配上香浓咖喱与蛋包饭，再佐以清爽的蔬菜沙拉，分量十足，让你吃得超满足！,"食为天家庭餐厅(桥间地)
食为天家庭餐厅(绘空町)
食为天家庭餐厅(米格尔区)
食为天家庭餐厅(新赫兰德区)","食物、礼物、可购买
复活、生命、百分比、单体、一次性",食为天家庭餐厅,50,,8.4,,
巨型汉堡肉,蓝,420,复活选中角色，并额外恢复1000生命值。,是让人忍不住惊呼的巨大牛肉饼！为肉食爱好者量身打造！,"食为天家庭餐厅(桥间地)
食为天家庭餐厅(绘空町)
食为天家庭餐厅(米格尔区)
食为天家庭餐厅(新赫兰德区)","食物、礼物、可购买
复活、生命、数值、单体、一次性",食为天家庭餐厅,50,卡厄斯,8.4,,
大防御家！,金,1800,队伍中所有角色防御力增加175，持续600秒。多人游戏时，仅对自己的角色生效。,护甲等级Max！这位守护伤口的勇士明明超强却过分谨慎！ ,"竹本清源药妆店(桥间地)
竹本清源药妆店(绘空町)
竹本清源药妆店(米格尔区)
竹本清源药妆店(新赫兰德区)","食物、礼物、可购买、可拾取
防御力、数值、持续、全队",竹本清源药妆店,50,阿德勒,36,,
竹本！Vitamin!,紫,750,队伍中所有角色暴击率增加10%，持续180秒。多人游戏时，仅对自己的角色生效。,每日一顆「竹本！Vitamin！」，与健康生活打出完美Combo！,"竹本清源药妆店(桥间地)
竹本清源药妆店(绘空町)
竹本清源药妆店(米格尔区)
竹本清源药妆店(新赫兰德区)","食物、礼物、可购买、可拾取
暴击、暴击率、百分比、持续、全队",竹本清源药妆店,50,浔,15,,
清凉凉提神药,紫,600,队伍中所有角色体力回复速度提升20%，持续900秒。,让疲惫在清凉凉的轻抚下化为乌有，恢复你的生命！,"竹本清源药妆店(桥间地)
竹本清源药妆店(绘空町)
竹本清源药妆店(米格尔区)
竹本清源药妆店(新赫兰德区)","食物、礼物、可购买、可拾取
体力、回复提速、百分比、持续、全队",竹本清源药妆店,50,"哈索尔
达芙蒂尔
残虹",12,,
明亮~wink大作战！,紫,600,队伍中所有角色消耗的体力降低20%，持续900秒。多人游戏时，仅对自己的角色生效。 ,明亮~wink大作战！双眼瞬间Bling bling，今天的你也是闪闪发光的主角！,"竹本清源药妆店(桥间地)
竹本清源药妆店(绘空町)
竹本清源药妆店(米格尔区)
竹本清源药妆店(新赫兰德区)","食物、礼物、可购买、可拾取
体力、消耗降低、百分比、持续、全队",竹本清源药妆店,50,,12,,
净化守护含片,蓝,420,为当前角色恢复1000点生命值，并在之后的30秒内，每5秒恢复260点生命值。,警报！警报！炎症来袭，召唤特别行动组！净化炎症因子，全方位守护家人的健康！,"竹本清源药妆店(桥间地)
竹本清源药妆店(绘空町)
竹本清源药妆店(米格尔区)
竹本清源药妆店(新赫兰德区)","食物、礼物、可购买
生命、数值、单体、一次性、持续",竹本清源药妆店,50,阿德勒,8.4,,
大肉包,绿,300,为当前角色恢复生命值上限的20%。,外皮软和，包裹着内里紧实鲜嫩的大肉丸。带着油花的汤汁浸润面皮，滋味鲜美无比！,"巨嘴包子店(桥间地)
巨嘴包子店(绘空町)
巨嘴包子店(米格尔区)
巨嘴包子店(新赫兰德区)","食物、礼物、可购买
生命、百分比、单体、一次性",巨嘴包子店,50,,6,,
巨嘴奶黄包,绿,300,为当前角色恢复1450点生命值。,白胖Q萌的巨嘴怪，内里包裹着细腻的奶黄馅。一口咬下，浓浓奶香，香甜爆浆！,"巨嘴包子店(桥间地)
巨嘴包子店(绘空町)
巨嘴包子店(米格尔区)
巨嘴包子店(新赫兰德区)","食物、礼物、可购买
生命、数值、单体、一次性",巨嘴包子店,50,"埃德嘉
海月",6,,
叉烧包,绿,300,当前角色在之后的30秒内，每5秒回复377生命值。,使用传统工艺制作的广式叉烧包，老面松软化渣，叉烧嫩滑浓香。黄金配比，甜咸适中，油而不腻！,"巨嘴包子店(桥间地)
巨嘴包子店(绘空町)
巨嘴包子店(米格尔区)
巨嘴包子店(新赫兰德区)","食物、礼物、可购买
生命、数值、单体、持续",巨嘴包子店,50,,6,,
蟹粉小笼,绿,300,为当前角色恢复700点生命值，并在之后的30秒内，每5秒恢复182点生命值。,推荐吃法：轻轻戳开柔韧的外皮，先品尝金黄咸香的汤汁。推荐搭配本店特调的玫瑰醋，滋味更丰富！,"巨嘴包子店(桥间地)
巨嘴包子店(绘空町)
巨嘴包子店(米格尔区)
巨嘴包子店(新赫兰德区)","食物、礼物、可购买
生命、数值、单体、一次性、持续",巨嘴包子店,50,,6,,
惠比寿宫廷小塔,紫,0,队伍中所有角色攻击力增加125，持续180秒。多人游戏时，仅对自己的角色生效。,白贝壳星级主厨的甜品代表作之一。外层选用上等黄油起酥，精选小布妮种植鲜橙为夹层，辅以蓝莓果酱基底。入口如天鹅羽毛般轻盈，让你体验到前所未有的清新丝滑感受。,"仅主线剧情获取
目前不可再生","食物、礼物、可拾取、不可再生、特殊获取
攻击力、数值、持续、全队",,50,"海月
九原
浔",0,,
大将军章鱼烧,紫,1200,队伍中所有角色攻击力增加125，持续180秒。多人游戏时，仅对自己的角色生效。,无愧于「大将军」之名的招牌超大章鱼烧。整只章鱼霸气入料，颗颗软糯弹牙，鲜味十足，即使是「章鱼」亲手制作的章鱼烧，论风味也与之难分高下。,"大将军(绘空町)
大将军(米格尔区)
大将军(新赫兰德区)","食物、礼物、可购买
攻击力、数值、持续、全队",大将军,50,,24,,
番茄百分百果冻,蓝,480,为当前角色恢复2350点生命值。,可口的番茄果冻，为了被美食鉴赏家一口吃掉，成为百分百的美味。,"番茄百分百专卖售货机
（推荐去米格尔区电话亭附近暴走玩家买，比较好找）","食物、礼物、可购买
生命、数值、单体、一次性",番茄百分百,50,安魂曲,9.6,,
番茄百分百果汁,蓝,480,当前角色在之后的30秒内，每5秒回复611点生命值。,可口的番茄果汁，在无止境的番茄物语中，献上美味。,"番茄百分百专卖售货机
（推荐去米格尔区电话亭附近暴走玩家买，比较好找）","食物、礼物、可购买
生命、数值、单体、持续",番茄百分百,50,安魂曲,9.6,,
番茄百分百奶昔,蓝,480,为当前角色恢复1150点生命值，并在之后的30秒内，每5秒回复299点生命值。,香甜的番茄奶昔，无论如何都想要寻求与心跳邂逅。,"番茄百分百专卖售货机
（推荐去米格尔区电话亭附近暴走玩家买，比较好找）","食物、礼物、可购买
生命、数值、单体、一次性、持续",番茄百分百,50,安魂曲,9.6,,
番茄百分百,绿,300,队伍中所有角色体力回复速度提升10%，持续900秒。多人游戏时，仅对自己的角色生效。,精选新鲜番茄去籽研磨，经过绝密加工方式，不含精制糖却格外酸甜可口，再加上S级食品认证标志，是海特洛市最受欢迎的「番茄果冻」，百分百的番茄，制造百分百的美味！,"番茄百分百专卖售货机
（推荐去米格尔区电话亭附近暴走玩家买，比较好找）","食物、礼物、可购买
体力、消耗降低、百分比、持续、全队",番茄百分百,50,安魂曲,6,,
焰火海鲜饭,紫,0,队伍中所有角色攻击力增加100，持续180秒。多人游戏时，仅对自己的角色生效。,卡厄斯执意要把这碗不含任何海鲜成分的饭称作「海鲜饭」，甚至不惜改口说自己的名字就叫「海鲜」。,与卡厄斯进行居家互动 单人动作-做便当 获取,"食物、礼物、特殊获取
攻击力、数值、持续、全队",,50,卡厄斯,0,,
扭扭饼干,紫,1050,为当前角色恢复生命值上限的56%。,"向阳岛义工们手工制作的饼干，做成了最受欢迎的扭扭模样。
「每一袋饼干的盈利都将用于『一意向阳』异象福利院的建设，感谢您为海特洛市福利事业做出的贡献。」",国王粗点心(向阳岛),"食物、礼物、可购买
生命、百分比、单体、一次性",国王粗点心,50,,21,,
向阳一日,紫,840,队伍中所有角色攻击力增加140，持续180秒。多人游戏时，仅对自己的角色生效。,"第一层的蔚蓝，是向阳岛的清晨，清澈的海水卷过沙滩；
第二层的灿金，是向阳岛的午后，慵懒的阳光透过纱幔；
第三层的绛红，是向阳岛的落日，当最后一抹晚霞也消失于天际，向阳岛的一日就走进了尾声。",国王粗点心(向阳岛),"食物、礼物、可购买
攻击力、数值、持续、全队",国王粗点心,50,,16.8,,
解困蜜,蓝,0,为当前角色恢复生命上限的32%,由「解困蜂」采撷他人的困意，加工酿造而成。兑水服用可促进睡眠，并缓解失眠造成的偏头痛。,"向阳岛【一意向阳度假村】农场区蜂箱采蜜获取
目前疑似不可再生，至多获取4个","食物、礼物、可拾取、不可再生、特殊获取
生命、百分比、单体、一次性",,50,,0,,
,,,,,,,,,,,,
,,,,,,,,,,,,
,,,,,,,,,,,,
,,,,,,,,,,,,
,,,,,,,,,,,,
,,,,,,,,,,,,
,,,,,,,,,,,,
,,,,,,,,,,,,
,,,,,,,,,,,,
,,,,,,,,,,,,
,,,,,,,,,,,,
,,,,,,,,,,,,
,,,,,,,,,,,,
,,,,,,,,,,,,
,,,,,,,,,,,,
,,,,,,,,,,,,
,,,,,,,,,,,,
,,,,,,,,,,,,
,,,,,,,,,,,,
,,,,,,,,,,,,
,,,,,,,,,,,,
,,,,,,,,,,,,
,,,,,,,,,,,,
,,,,,,,,,,,,
,,,,,,,,,,,,
,,,,,,,,,,,,
,,,,,,,,,,,,
