名称,稀有度,价格,用途,介绍,获取途径,标签,子类型,适用角色,pics
S级常驻角色自选箱,金,0,使用后可从早雾、哈索尔、白藏、法帝娅、达芙蒂尔、九原中选择一名角色加入队伍。,使用后可从早雾、哈索尔、白藏、法帝娅、达芙蒂尔、九原中选择一名角色加入队伍。,活动获取,道具、特殊获取、其他,自选箱、角色获取,,S级常驻角色自选箱
畅爽焕能,紫,0,使用后可恢复100点「都市活力」。,「富含多种电解质的功能饮料，随时随地让您活力回来。」,"活动获得
各类购买（通行证/礼包）",道具、特殊获取、其他,活力,,畅爽焕能
去噪底液,紫,0,使用后可恢复60点「本性像素」。,有效提升本性像素的道具。可根据「本性相纸」读取使用者「本性像素」状况，以特殊编译的底液晃动音频修补本性像素序列失衡部分，减少异象影响下本性解析图谱中的「噪点」。使用后可以获得60点本性像素。,"活动获得
各类购买（通行证/礼包）",道具、特殊获取、其他,活力,,去噪底液
谕石,金,0,收集足够的谕石，可前往魔女之家兑换对应的奖励。,不知前路、难以落地的盲目乌鸦衔着的宝石，无人知晓它们来自何方。有传言说捡到「谕石」的人会被厄运缠身，倘若不小心捡到也不用在意，位于各地的魔女之家中的「魔女」小姐能够消弭这份厄运。,世界探索,道具、特殊获取、重要道具,,,谕石
好狗狗印章,金,0,墨菲克斯所遗留下来的特殊部件，可以强化部分角色的异能等级。,盖满！毛茸茸头目的驯养图鉴~,异象巡礼「墨菲克斯」,道具、可刷取、养成材料,异能升级,,好狗狗印章
好狗狗的毛茸茸,金,7000,墨菲克斯所遗留下来的特殊部件，可以强化部分角色的异能等级。,依靠被嫌弃的「蒲公英技能」最终攻略了世界！,"异象巡礼「墨菲克斯」（不可获得）
拍卖会购买，标价为起拍价（好像修了）",道具、特殊获取,,,好狗狗的毛茸茸
蒲公英的通行证,金,7000,墨菲克斯所遗留下来的特殊部件，可以强化部分角色的异能等级。,隐藏头目虽不是魔王也想触碰邂逅！,"异象巡礼「墨菲克斯」（不可获得）
拍卖会购买，标价为起拍价（好像修了）",道具、特殊获取,,,蒲公英的通行证
名为炫耀的裙袂,金,0,阿拉克涅的舞会完美谢幕后得到的伴手礼，可用于角色异能提升。,阿拉克涅的裙摆摆在舞池里转动着，一圈又一圈，开出永不停歇的鲜花。,异象巡礼「永不谢幕的阿拉克涅」,道具、可刷取、养成材料,异能升级,,名为炫耀的裙袂
记忆的永恒,金,0,讨债人所遗留的时钟，可用于角色异能提升。,当生命变得可以衡量，它又将价值几何？,异象巡礼「讨债人」,道具、可刷取、养成材料,异能升级,,记忆的永恒
异象巡礼材料自选箱,紫,0,使用后可从好狗狗印章、名为炫耀的裙袂、记忆的永恒中自选一件。,自选一件异象巡礼材料。,,道具、特殊获取、养成材料、其他,异能等级、自选箱,,异象巡礼材料自选箱
异象追猎材料自选箱,紫,5000,"使用后可从倾诉花种、上膛骑士火花塞、妄想彼端的一页、水月色拨片、护巢残片、斑斓的票根、海之泪中自选一件。
",自选一件异象追猎材料。,猎人交易所,道具、特殊获取、养成材料、其他,角色突破、自选箱,,异象追猎材料自选箱
上膛骑士火花塞,紫,0,无首铁驭所掉落的怪物素材，常被用作角色突破材料。,审判猎手为暴走都市献上忠诚！,"开启材料自选箱
异象追猎「无首铁驭」",道具、可刷取、养成材料,角色突破,,上膛骑士火花塞
护巢残片,紫,0,圆巢鸟的面具碎片，常被用作角色突破材料。,只要能找回孩子们……,"开启材料自选箱
异象追猎「圆巢鸟」",道具、可刷取、养成材料,角色突破,,护巢残片
斑斓的票根,紫,0,蝴蝶身上的票根状纸片，常被用作角色突破材料。,彩色斑斓的褪色票根，孤独少女的存在证明。,"开启材料自选箱
异象追猎「斑蝶」",道具、可刷取、养成材料,角色突破,,斑斓的票根
海之泪,紫,0,从海囚获取的一滴红色水滴，常被用作角色突破材料。,海水，眼泪，亦或是海的泪？,"开启材料自选箱
异象追猎「海囚」",道具、可刷取、养成材料,角色突破,,海之泪
水月色拨片,紫,0,「音霸魔王」收集的众多拨片中的一枚，常被用作角色突破材料。,想成为不一样的存在，想像他们一样闪耀光辉。,"开启材料自选箱
异象追猎「音霸魔王」",道具、可刷取、养成材料,角色突破,,水月色拨片
倾诉花种,紫,0,静默庭院所掉落的怪物素材，常被用作角色突破材料。,蕴含了没能被说出口的某句话的花种，在将其栽培到绽放之前无从知晓语义为何。,"开启材料自选箱
异象追猎「塞润尼维」",道具、可刷取、养成材料,角色突破,,倾诉花种
妄想彼端的一页,紫,0,从「黑之书」上取下的一页，常被用作角色突破材料。,写在纸上的秘密终有被发现的一天，写在心底的可不会。,"开启材料自选箱
异象追猎「黑之书」",道具、可刷取、养成材料,角色突破,,妄想彼端的一页
失纬棋子,金,0,可用于「棋子商店」中兑换所需物品。,「无主的棋子散落在世界的纬线上，收集起来可以兑换珍贵的宝藏。」,斯卡布罗集市,道具、特殊获取、代币,代币,,失纬棋子
迷迭棋子,紫,0,可用于「棋子商店」中兑换所需物品。,「无主的棋子迷失在时间的长河中，收集起来可以兑换宝藏。」,斯卡布罗集市,道具、特殊获取、代币,代币,,迷迭棋子
危狩勋章,紫,0,首次完成高危委托后获得的奖励勋章，可前往「勋章商店」兑换所需道具。,每一次胜利都值得嘉奖……冷冰冰的勋章可以换成毛绒绒的绵糖吗？,首次完成高危委托,道具、特殊获取、代币,代币,,危狩勋章
行车日志,紫,0,在「轨外之境」收集的幽灵号行车日志，可在「异境回收站」兑换各种奖励。,列车员「浮游小姐」遗落的行车日志，其中记载了幽灵号在轨外之境运行期间的重要信息。将拾获的行车日志交给「异境回收站」的负责人，协助其开展对幽灵号的管理和研究工作，是异象猎人赚外快的一种途径。,通关「轨外之境」关卡,道具、特殊获取、代币,代币,,行车日志
卜多力烧鸟兑换券,蓝,0,使用此券，可在半角街卜多力居酒屋兑换「蜜汁烧鸟串」。,来自卜多力居酒屋的烧鸟，绝不会让你失望的好味道！,世界探索,道具、可拾取、代币,兑换券,,卜多力烧鸟兑换券
咔叽玛「翼起疯狂」兑换券,蓝,0,使用此券，可在海特洛市任意咔叽玛门店免费试吃「浓情蜜翼」。此兑换券每周日发放，每人限领一张。,超级周日，「翼」起疯狂大餐！,世界探索,道具、可拾取、代币,兑换券,,咔叽玛「翼起疯狂」兑换券
9°C咖啡抵扣券,蓝,0,可在海特洛市任意9°C咖啡门店消费时使用，抵扣99方斯。此代金券每周发放一张。,每周特惠福利！无论困倦时刻，或是悠闲时光，都有9°C陪伴您！,世界探索,道具、可拾取、代币,折扣券,,9°C咖啡抵扣券
便利店抵扣券,蓝,0,米格尔区北角镇便利店全店商品可用，抵扣299方斯。,朋友，请不要因为用掉我而哭泣，我化作你省下的方斯，仍然陪伴着你！,世界探索,道具、可拾取、代币,折扣券,,便利店抵扣券
竹本清源代金券,蓝,0,可在海特洛市任意竹本清源门店消费时使用，抵扣300方斯。,竹本清源促销活动开启，惠及您的健康生活！,世界探索,道具、可拾取、代币,折扣券,,竹本清源代金券
七海海鲜铺代金券,蓝,0,可在半角街七海海鲜铺消费时使用，抵扣500方斯。,七海海鲜铺回馈半角街新老顾客，欢迎前来选购！,世界探索,道具、可拾取、代币,折扣券,,七海海鲜铺代金券
DSD新人福利代金券,蓝,0,可在海特洛市任意DSD门店消费时使用，抵扣500方斯。此代金券每人限领取一张。,DSD新顾客福利！感受潮玩带来的乐趣吧！,世界探索,道具、可拾取、代币,折扣券,,DSD新人福利代金券
雷加利亚惊喜代金券,蓝,0,可在海特洛市任意雷加利亚门店购买车辆时使用，抵扣50方斯。,雷加利亚史上最大促销活动来袭！代金券数量有限，先到先得！,世界探索,道具、可拾取、代币,折扣券,,雷加利亚惊喜代金券
玉饼街专属-包子铺代金券,蓝,0,可在玉饼街包子铺消费时使用，抵扣200方斯。,玉饼街联合促销活动已开启，期待您的光临！,世界探索,道具、可拾取、代币,折扣券,,玉饼街专属-包子铺代金券
玉饼街专属-拉面店代金券,蓝,0,可在玉饼街拉面店消费时使用，抵扣200方斯。,玉饼街联合促销活动已开启，期待您的光临！,世界探索,道具、可拾取、代币,折扣券,,玉饼街专属-拉面店代金券
玉饼街专属-奶茶店代金券,蓝,0,可在玉饼街奶茶店消费时使用，抵扣200方斯。,玉饼街联合促销活动已开启，期待您的光临！,世界探索,道具、可拾取、代币,折扣券,,玉饼街专属-奶茶店代金券
玉饼街专属-烤鸭铺代金券,蓝,0,可在玉饼街烤鸭铺消费时使用，抵扣200方斯。,玉饼街联合促销活动已开启，期待您的光临！,世界探索,道具、可拾取、代币,折扣券,,玉饼街专属-烤鸭铺代金券
DSD扭蛋机抽奖券,金,0,DSD潮玩店发售的扭蛋机兑换券，可以免费抽一次扭蛋机。,DSD潮玩店发售的扭蛋机兑换券，可以免费抽一次扭蛋机。,活动获得,道具、特殊获取、代币,兑换券,,DSD扭蛋机抽奖券
DSD扭蛋机兑换卡,金,0,扭蛋回收所用的兑换卡，集齐一定数量可以在扭蛋机商店兑换指定商品。,扭蛋回收所用的兑换卡，集齐一定数量可以在扭蛋机商店兑换指定商品。,扭蛋机,道具、特殊获取、代币,代币,,DSD扭蛋机兑换卡
DSD扭蛋机高级兑换卡,金,0,扭蛋回收所用的高级兑换卡，集齐一定数量可以在扭蛋机商店兑换指定商品。,扭蛋回收所用的高级兑换卡，集齐一定数量可以在扭蛋机商店兑换指定商品。,扭蛋机,道具、特殊获取、代币,代币,,DSD扭蛋机高级兑换卡
祈福牌「平安」,紫,2000,带有挂绳的祈福牌，可以用于在福荫木下祈福，增加随机角色好感。,「根深蒂固，家宅平安。」,福荫集市,道具、可购买、其他,好感,,祈福牌「平安」
祈福牌「结缘」,紫,2000,带有挂绳的祈福牌，可以用于在福荫木下祈福，增加随机角色好感。,「枝繁叶茂，善缘广结。」,福荫集市,道具、可购买、其他,好感,,祈福牌「结缘」
祈福牌「有成」,紫,2000,带有挂绳的祈福牌，可以用于在福荫木下祈福，增加随机角色好感。,「硕果累累，所愿得偿。」,福荫集市,道具、可购买、其他,好感,,祈福牌「有成」
祈福牌「化厄」,紫,2000,带有挂绳的祈福牌，可以用于在福荫木下祈福，增加随机角色好感。,「叶落花开，否极泰来。」,福荫集市,道具、可购买、其他,好感,,祈福牌「化厄」
饕目,金,3000,可用于激活异象家具「玛门」。,祂目视，祂允诺，以金钱填满欲望的沟壑，放还吧，祂低语。,拍卖会购买，标价为起拍价,道具、可购买、特殊获取、异象家具材料,异象家具激活,,饕目
觊觎钱币,紫,150,可用于升级异象家具「玛门」。,赌徒紧握在手中的最后一枚方斯，对于玛门来说是不错的零食。,拍卖会购买，标价为起拍价,道具、可购买、特殊获取、异象家具材料,异象家具升级,,觊觎钱币
魔术丝线,金,0,可用于提升「银边管家」的职称。,听说管家的花边是它亲手绣上去，所以银边到金边是一个换线的过程。,消耗本性像素,道具、可刷取、异象家具材料,异象家具升级,,魔术丝线
异士的侧隐,金,0,可用于激活异象家具「无名刃」。,来自异国的流浪武士并不能给予它真正的解脱。,异象委托「何处是归乡」,道具、可刷取、异象家具材料,异象家具激活,,异士的侧隐
锻刀石,紫,0,可用于升级异象家具「无名刃」。,如春花花瓣一样柔然的石头，恰好能濯去尘埃。,异象「妖刀」掉落,道具、可刷取、异象家具材料,异象家具升级,,锻刀石
拳王的战意,金,0,可用于激活异象家具「休憩的拳王」。,鲜血，汗水，疼痛，旧伤……这些都是拳王的勋章。,"异象委托「后街拳王」
异象委托「天台拳王」",道具、可刷取、异象家具材料,异象家具激活,,拳王的战意
失落的甲胄,金,0,可用于激活异象家具「空铠甲」。,他的血，肉甚至于灵魂都献给了他曾效忠的主人。,异象委托「伤心的熊不流泪」,道具、可刷取、异象家具材料,异象家具激活,,失落的甲胄
未熄的鳞甲,紫,0,可用于升级异象家具「空铠甲」,每一片炽热过后又冷却的甲片上，都镌刻着王的名字。,异象「伤心英熊」掉落,道具、可刷取、异象家具材料,异象家具升级,,未熄的鳞甲
波普的滑板,金,0,可用于激活异象家具「旧滑板」。,悬赏奖金和战利品全都都要，这才是一个合格的异象猎人。,异象委托「超音速涂鸦」,道具、可刷取、异象家具材料,异象家具激活,,波普的滑板
明日涂料,紫,0,可用于升级异象家具「旧滑板」。,究竟是什么使今日家庭如此不同，如此有吸引力？,异象「波普」掉落,道具、可刷取、异象家具材料,异象家具升级,,明日涂料
一把钥匙,金,5000,可用于激活异象家具「破损的木箱」。,现在你掌握了打开木箱的方式。,猎人交易所,道具、可购买、异象家具材料,异象家具激活,,一把钥匙
蛛识木,紫,2000,可用于升级异象家具「破损的木箱」。,时尚特刊？天呐！蜘识藏家的藏书里怎么还有这个？,猎人交易所,道具、可购买、异象家具材料,异象家具升级,,蛛识木
片羽,紫,0,可用于升级异象家具「纸飞机」。,以碎纸片织就的羽翼，也能自由地飞翔吗？,异象「纸翼战队」掉落,道具、可刷取、异象家具材料,异象家具升级,,片羽
鳞纹,紫,0,可用于升级异象家具「双鱼旗」。,红鲤鱼蓝鲤鱼与绿鲤鱼。,异象「洄天鱼幡」掉落,道具、可刷取、异象家具材料,异象家具升级,,鳞纹
小瓜子,紫,0,可用于升级异象家具「仓鼠球」。,亲爱的，你掉的是这个金瓜子，还是这个银瓜子，还是这个普普通通的小瓜子呢？,异象「贩售机附电灵」掉落,道具、可刷取、异象家具材料,异象家具升级,,小瓜子
异构单元,紫,0,敌人掉落素材不足时使用的不稳定异构体。可根据材料的稀有度调整异构单元的用量。,一种具有特殊的高度不稳定性物质，你永远不知道下一次查看它时它会变成什么。,"异象掉落
活动获得",道具、可刷取、养成材料、其他,自选箱、弧盘突破,,异构单元
扭曲数符,紫,0,异象被泯除或收容时所留下的物质；可以用来提高角色的突破等级。,"被捕捉到的相互纠缠的数符。

「7」「0」「3」「5」「X」「1」","合成
猎人交易所
异象「瓦楞城堡、ReroRero电话亭、洄天鱼幡、雨人、贩售机附电灵、分解者、妖刀」掉落",道具、可刷取、养成材料,弧盘突破,,扭曲数符
未解数符,蓝,0,异象被泯除或收容时所留下的物质；可以用来提高角色的突破等级。,"被捕捉到的勘测理性信号数符。

「α≈1/137，
答题者未曾于宇宙降落。」","合成
猎人交易所
迷迭兑换
异象「瓦楞城堡、ReroRero电话亭、洄天鱼幡、雨人、贩售机附电灵、分解者、妖刀」掉落",道具、可刷取、养成材料,弧盘突破,,未解数符
模糊数符,绿,0,异象被泯除或收容时所留下的物质；可以用来提高角色的突破等级。,"被捕捉到的与清晰博弈的数符。

「KØAV&*O」","开启材料自选箱
猎人交易所
迷迭兑换
异象「瓦楞城堡、ReroRero电话亭、洄天鱼幡、雨人、贩售机附电灵、分解者、妖刀」掉落",道具、可刷取、养成材料,弧盘突破,,模糊数符
悖谬絮语,紫,0,异象被泯除或收容时所留下的物质；可以用来提高角色的突破等级。,"被捕捉到的自见分晓的絮语。

「我的话语将以如下方式进行——一切语言都是被维系在它与其他语言的拓扑关系之中。」","合成
猎人交易所
异象「羽偶、流梦种、扫晴娘、空铠甲、伤心英熊、拖车艄、凭依种、迷失种、风洞种、低语种」掉落",道具、可刷取、养成材料,弧盘突破,,悖谬絮语
茫昧絮语,蓝,0,异象被泯除或收容时所留下的物质；可以用来提高角色的突破等级。,"被捕捉到的破碎絮语。

「▇‌▇‌▇‌▇‌▇‌▇‌▇‌▇‌▇‌▇‌秩序▇‌▇‌▇‌▇‌▇‌解▇‌▇‌▇‌
    ▇‌▇‌▇‌▇‌恐▇‌▇‌▇‌▇‌恐惧▇‌▇‌▇‌▇‌」","合成
猎人交易所
迷迭兑换
异象「羽偶、流梦种、扫晴娘、空铠甲、伤心英熊、拖车艄、凭依种、迷失种、风洞种、低语种」掉落",道具、可刷取、养成材料,弧盘突破,,茫昧絮语
失落絮语,绿,0,异象被泯除或收容时所留下的物质；可以用来提高角色的突破等级。,"被捕捉到的微弱絮语。

「……克服失群者@#%怪谲……
……摧毁*^$异禀?#@!!$ ……」","开启材料自选箱
猎人交易所
迷迭兑换
异象「羽偶、流梦种、扫晴娘、空铠甲、伤心英熊、拖车艄、凭依种、迷失种、风洞种、低语种」掉落",道具、可刷取、养成材料,弧盘突破,,失落絮语
晦暗掠影,紫,0,异象被泯除或收容时所留下的物质；可以用来提高角色的突破等级。,"被捕捉到的自暗处试图徘徊再现的掠影。

「TexTum6789▲▲5434▼▼▼89TexTum▲▲▼","合成
猎人交易所
异象「波普、棉绒绒、波普」掉落
小混混团体「无明众」掉落",道具、可刷取、养成材料,弧盘突破,,晦暗掠影
失焦掠影,蓝,0,异象被泯除或收容时所留下的物质；可以用来提高角色的突破等级。,"被捕捉到的迷蒙掠影。

「CoC>0.1▇‌▇‌▇▇‌D▇‌▇‌▇‌▇0
聚焦▇‌▇‌▇‌5▇‌▇‌▇
MTF<▇‌▇‌▇‌
▇‌▇‌▇‌>▇‌▇‌▇‌像素宽
▇‌▇‌▇‌▇‌▇‌▇‌」","合成
猎人交易所
迷迭兑换
异象「波普、棉绒绒、波普」掉落
小混混团体「无明众」掉落",道具、可刷取、养成材料,弧盘突破,,失焦掠影
褪色掠影,绿,0,异象被泯除或收容时所留下的物质；可以用来提高角色的突破等级。,"被捕捉到的自边缘处逐渐消退的掠影。

「Tthhe qquuickk brrownn ffoxx jumpps
oveer thhe lazzy dogg.」","开启材料自选箱
猎人交易所
迷迭兑换
异象「波普、棉绒绒、波普」掉落
小混混团体「无明众」掉落",道具、可刷取、养成材料,弧盘突破,,褪色掠影
超验幻妄,紫,0,异象被泯除或收容时所留下的物质；可以用来提高角色的突破等级。,"被捕捉到的宇宙缩影中的幻妄。

「喂——喂——
喂——喂——
来——来——
喂——！」","合成
猎人交易所
异象「唱片机附电灵、诺诺斯、纸翼战队、诡面筝、长明灯、抱抱藤」掉落",道具、可刷取、养成材料,弧盘突破,,超验幻妄
渴念幻妄,蓝,0,异象被泯除或收容时所留下的物质；可以用来提高角色的突破等级。,"被捕捉到的横冲直撞的幻妄。

「它说道：永不再来。」","合成
猎人交易所
迷迭兑换
异象「唱片机附电灵、诺诺斯、纸翼战队、诡面筝、长明灯、抱抱藤」掉落",道具、可刷取、养成材料,弧盘突破,,渴念幻妄
悬想幻妄,绿,0,异象被泯除或收容时所留下的物质；可以用来提高角色的突破等级。,"被捕捉到的盲眼幻妄。

「淡蓝色塑料壳里有好多声音。
你听。怨灵纠缠，咬牙切齿，喧哗骚动，氤氲起的灯雾又退散开来。
我们披着冷冽，遗世孤立却又为世界撕开不信任的外壳。」","开启材料自选箱
猎人交易所
迷迭兑换
异象「唱片机附电灵、诺诺斯、纸翼战队、诡面筝、长明灯、抱抱藤」掉落",道具、可刷取、养成材料,弧盘突破,,悬想幻妄
扩容核心,紫,1500,角色异能或弧盘材料不足时使用的袖珍的元件。可根据材料的稀有度调整扩容核心的用量。,小巧便携的随身材料补充装，适用于多种情况，为各位异象猎人量身打造。,"猎人交易所
环期赏令",道具、养成材料、其他,自选箱、异能升级、弧盘突破,,扩容核心
特级猎人攻略,紫,3000,可以提供20000点的角色经验，用于角色提高等级。,"《从I到VIII，特级猎人的异象目录，也要一网打尽！》
—— 这是一份「呗果」上「开心果」投喂999999+的猎人攻略，但记录的特殊异象从来没有人见过，直到某天某个匿名用户上传了一张表意不明的画作图片，画内模糊的身影、令人费解的场景好像在极力从侧面印证着什么……","开启材料自选箱
胡迪尼的魔术舞台-合订本
猎人交易所
世界探索",道具、可刷取、养成材料,经验、角色突破,,特级猎人攻略
资深猎人攻略,蓝,750,可以提供5000点的角色经验，用于角色提高等级。,"「天选猎人才知道的行业秘则！异象、测验与记事本。」
—— 这是一份「呗果」上收藏10000+的猎人攻略，没有认真的猎人，没有准备好的弧盘，没有帅气的异能，只剩下「在都市接连收服高级异象小弟」的轻小说日常，收藏量很高大概是因为猎人们都想要被幸运眷顾吧。","开启材料自选箱
胡迪尼的魔术舞台-合订本
猎人交易所
世界探索",道具、可刷取、养成材料,经验、角色突破,,资深猎人攻略
新锐猎人攻略,绿,150,可以提供1000点的角色经验，用于角色提高等级。,"「新生代猎人的个人见解，晋升攻略先行放送！」
—— 这是一份「呗果」上获得999+「芝麻」的猎人攻略，曾有刚领到猎人证的新手尝试验证其成效，最后只留下了一句评论：小……心……异……象！","胡迪尼的魔术舞台-合订本
猎人交易所
世界探索",道具、可刷取、养成材料,经验、角色突破,,新锐猎人攻略
哔哔小喇叭,金,0,塔吉多的音波强化喇叭，在战斗中使用，向目标位置发射音波协助战斗。,咳咳，都要，听我说话！,伊波恩后院仓库,道具、可拾取、其他,战斗,,哔哔小喇叭
呲呲杀虫剂,金,0,塔吉多的强化杀虫剂，在战斗中使用，于目标位置生成喷雾协助战斗。,一级警报！一级警报！开始清除害虫！,伊波恩后院仓库,道具、可拾取、其他,战斗,,呲呲杀虫剂
嘟嘟小卡车,金,0,塔吉多的试作型玩具车，在战斗中使用，向前方冲刺协助战斗。,来「碰碰」运气！,伊波恩后院仓库,道具、可拾取、其他,战斗,,嘟嘟小卡车
吨吨锤,金,0,塔吉多的特制充气锤，在战斗中使用，协助攻击目标。,一下，全部，砸扁！,伊波恩后院仓库,道具、可拾取、其他,战斗,,吨吨锤
万能鱼饵,金,100/5鱼鳞币,最基础的鱼饵，虽然不具备任何特殊效果，但具有最高的性价比。,使用复合材料制作的鱼饵，由于添加了对海水鱼和淡水鱼都具有一定吸引力的饵料，因此可以在任何水域使用。低廉的成本和极高的性价比让其在新手和老手中都深受喜爱。,"月亮湾渔具商店
钓鱼点选渔具商店快捷购买",道具、可购买、鱼类道具,鱼饵,,万能鱼饵
杂谷饵,绿,6鱼鳞币,制作简易的鱼饵，可以提升钓到以下淡水鱼的概率：黑纹水虎、活翡翠、水下彩、巴巴拉、鹤顶红。,"每位钓者在入门时期都会学习制作的鱼饵，主要由稻谷和蚯蚓搓造而成，对于一般的鱼类而言有难以拒绝的吸引力。
「如果我钓上了这一条，再有两条就三条了。」","月亮湾渔具商店
钓鱼点选渔具商店快捷购买",道具、可购买、鱼类道具,鱼饵,,杂谷饵
果渍饵,绿,6鱼鳞币,制作简易的鱼饵，可以提升钓到以下淡水鱼的概率：绿斑水虎、红腹水虎、三秋桂、鹤顶红、黑魔鬼,"一些细心的钓者在杂谷饵原料的基础上添加加泥而制成的饵料，他们相信这种更加香甜的鱼饵会吸引更多游鳞的光顾。
「看来同时也吸引了嗜甜的飞虫呢……」","月亮湾渔具商店
钓鱼点选渔具商店快捷购买",道具、可购买、鱼类道具,鱼饵,,果渍饵
虾籽饵,绿,6鱼鳞币,制作简易的鱼饵，可以提升钓到以下海水鱼的概率：球球鱼、生气球球鱼、三文鱼、蓝纹石斑鱼、蓝鳍金枪,"以鲜嫩的虾米为主要原料制作的鱼饵，在手工鱼饵中算得上是相当上乘的饵料，总有一些钓鱼爱好者声称用这种鱼饵可以钓上比往常多一倍的鱼。
「不管是素饵还是荤饵，能钓上鱼就是好饵。」","月亮湾渔具商店
钓鱼点选渔具商店快捷购买",道具、可购买、鱼类道具,鱼饵,,虾籽饵
鲜腴饵,绿,6鱼鳞币,制作简易的鱼饵，可以提升钓到以下海水鱼的概率：斑纹狮子鱼、火焰狮子鱼、黄鳍金枪、紫纹石斑鱼、鬼头刀,"以虾肉为底料的鱼饵，混入了香嫩的鱼肉粉，气味浓郁，在原有的鲜味上更添一层鲜美。
「对鱼来说就是能把鱼鳞都鲜掉。」","月亮湾渔具商店
钓鱼点选渔具商店快捷购买",道具、可购买、鱼类道具,鱼饵,,鲜腴饵
蠕须饵,绿,6鱼鳞币,制作简易的鱼饵，可以提升钓到以下海水鱼的概率：翻车鱼、红翻车鱼、比目鱼、赤铜、骄阳鬼头刀,"在原有底料的基础上又额外添加蠕虫的饵料，总有一些不嫌麻烦的钓者将蠕虫剁成肉糜再进行混合，他们认为这是一位合格的钓者应该具备的耐心。
「有这样的精神干什么都会成功的。」","月亮湾渔具商店
钓鱼点选渔具商店快捷购买",道具、可购买、鱼类道具,鱼饵,,蠕须饵
酒糟饵,蓝,16鱼鳞币,经过加工的鱼饵，可以提升钓到以下淡水鱼的概率：红绿灯鱼、胭脂红、三色金鱼、紫花条、三瓣花,"精心加工后的鱼饵，添加了诸如酒糟、麸皮等对鱼类颇具吸引力的原料，综合效果自然比自制的饵料要更上一层楼，但总有不信邪的人坚持使用自己手搓的鱼饵。
「钓鱼没有捷径可走。」","月亮湾渔具商店
钓鱼点选渔具商店快捷购买",道具、可购买、鱼类道具,鱼饵,,酒糟饵
甜麦饵,蓝,16鱼鳞币,经过加工的鱼饵，可以提升钓到以下淡水鱼的概率：金鱼、银龙鱼、波拿拿、三瓣花、五彩扇,"含有小麦粉的精制鱼饵，投入水中会散发出持久的谷香和肉香，且溶解速度慢，非常适合揉碎了用来打窝，吸引鱼儿来觅食。
「钓鱼不打窝，鱼儿不会多。」","月亮湾渔具商店
钓鱼点选渔具商店快捷购买",道具、可购买、鱼类道具,鱼饵,,甜麦饵
螺腥饵,蓝,16鱼鳞币,经过加工的鱼饵，可以提升钓到以下海水鱼的概率：蓝纹神仙鱼、绿纹神仙鱼、蓝面神仙鱼、破晓流光、红斑鱼,"原料中添加了螺肉和贝肉的鱼饵，营养丰富，腥香异常，对一些海水鱼有致命的诱惑力。
「你怎么知道我上个月钓上了一条四十五斤的鱼？」","月亮湾渔具商店
钓鱼点选渔具商店快捷购买",道具、可购买、鱼类道具,鱼饵,,螺腥饵
连竿饵,蓝,16鱼鳞币,经过加工的鱼饵，可以提升钓到以下海水鱼的概率：火箭鱼、蓝火箭鱼、绿面神仙鱼、魔鬼炮弹、青占鱼,"据说是可以做到十次提竿九次有鱼的神奇鱼饵，或许不乞大其词的嫌疑，但它对钓者的吸引力并不比对鱼儿们的少。
「我要向所有人证明我什么都钓得到，包括鱼。」","月亮湾渔具商店
钓鱼点选渔具商店快捷购买",道具、可购买、鱼类道具,鱼饵,,连竿饵
诱食饵,蓝,16鱼鳞币,经过加工的鱼饵，可以提升钓到以下海水鱼的概率：皇后神仙鱼、骑士神仙鱼、蔚蓝流光、幽灵炮弹、金青占鱼,"进一步添加了晒干香料的鱼饵，所散发出的香味有时甚至让人食指大动，但实际的味道似乎并没有想象中的那么好。
「敢吃鱼饵的人是很值得佩服的……各种意义上来说。」","月亮湾渔具商店
钓鱼点选渔具商店快捷购买",道具、可购买、鱼类道具,鱼饵,,诱食饵
蜜炼饵,蓝,16鱼鳞币,经过加工的鱼饵，可以提升钓到以下海水鱼的概率：蓝鳍旗、红鳍旗、绿鳍旗,"散发着甜腻香气的饵料，很怀疑里面是不是加入了致死量的糖。
「甜食令人心情愉悦，钓鱼也是。」","月亮湾渔具商店
钓鱼点选渔具商店快捷购买",道具、可购买、鱼类道具,鱼饵,,蜜炼饵
八珍饵,紫,72鱼鳞币,配比精良的鱼饵，可以提升钓到以下淡水鱼的概率：电光雷龙、锦鲤,"原料丰富并经过精心配比的饵料，价格自然也较一般的鱼饵高上一些，但热衷钓鱼的人从不吝啬。毕竟只有放对鱼饵，鱼儿才会上钩，这是连小孩子都知道的道理。
「不能省！坚决不能省！」","月亮湾渔具商店
钓鱼点选渔具商店快捷购买",道具、可购买、鱼类道具,鱼饵,,八珍饵
秘酿饵,紫,72鱼鳞币,配比精良的鱼饵，可以提升钓到以下淡水鱼的概率：金光雷龙、蓝玉鳞,"曾是某个捕鱼世家代代相传的鱼饵配方，后来被一位商人花大价钱买下并用现代工艺进行了改良，推出后一度成为鱼饵市场上炙手可热的“断货王”。
「真正的钓者就算不用饵也能让鱼儿咬钩！」","月亮湾渔具商店
钓鱼点选渔具商店快捷购买",道具、可购买、鱼类道具,鱼饵,,秘酿饵
丰藻饵,紫,72鱼鳞币,配比精良的鱼饵，可以提升钓到以下海水鱼的概率：刺尾鱼、红刺尾鱼、粉鞍神仙鱼,"额外增添了海藻和鱼骨粉的鱼饵，价格不菲却非常畅销，有种说法是带有这种鱼饵的船会受到大海的庇佑，后经查证传说的源头来自某个饵料商家。
「上大鱼了！—— 诶我抄网呢？！」","月亮湾渔具商店
钓鱼点选渔具商店快捷购买",道具、可购买、鱼类道具,鱼饵,,丰藻饵
骨渣饵,紫,72鱼鳞币,配比精良的鱼饵，可以提升钓到以下海水鱼的概率：红刺尾鱼、马鞍神仙鱼、青斑鱼,"与其他鱼饵相比，原料里含有一些体积较大的酥骨渣，似乎对一些大鱼来说是不可多得的美味佳肴。
「鱼饵越大鱼越大。」","月亮湾渔具商店
钓鱼点选渔具商店快捷购买",道具、可购买、鱼类道具,鱼饵,,骨渣饵
甘脂饵,紫,72鱼鳞币,配比精良的鱼饵，可以提升钓到以下海水鱼的概率：蓝斑鱼、鲸头鱼、纽紫鲸头鱼,"原料中加入了某些动物内脏的鱼饵，腥膻异常，使用时经常会沾染一身不太令人舒适的气味，因此事后请务必做好清洁。
「已经洗了五遍了，这衣服还有救吗……」","月亮湾渔具商店
钓鱼点选渔具商店快捷购买",道具、可购买、鱼类道具,鱼饵,,甘脂饵
浮光饵,紫,72鱼鳞币,造价高昂的鱼饵，可以提升钓到以下海水鱼的概率：海星、星斑鱼,"在水下会发出微光的鱼饵，用以模拟游鱼在水下游动的姿态，很考验持杆者的微操水平。
「浮光跃金，静影沉璧。」","月亮湾渔具商店
钓鱼点选渔具商店快捷购买",道具、可购买、鱼类道具,鱼饵,,浮光饵
幽兰饵,紫,72鱼鳞币,造价高昂的鱼饵，可以提升钓到以下海水鱼的概率：金梭子、海中栗,"抛弃传统香辛料选择，采用幽兰为主料，此刻钓鱼钓的是心境。
「渔乃心声，非关人事，如空谷幽兰，不求赏识，乃足为渔。」","月亮湾渔具商店
钓鱼点选渔具商店快捷购买",道具、可购买、鱼类道具,鱼饵,,幽兰饵
芳泽饵,金,90鱼鳞币,造价高昂的鱼饵，可以提升钓到以下淡水鱼的概率：闪电鳗、金龙鱼,"据称是经过专门的实验室研发，在原料中添加了多种令人眼花缭乱的香料的鱼饵，价格自然令人咋舌，效果的话似乎比一般的鱼饵要好上那么一些吧……
「钓欲善其事必先利其饵。」","月亮湾渔具商店
钓鱼点选渔具商店快捷购买",道具、可购买、鱼类道具,鱼饵,,芳泽饵
金髓饵,金,90鱼鳞币,造价高昂的鱼饵，可以提升钓到以下海水鱼的概率：紫后神仙鱼、青后神仙鱼,"由新鲜鱼糜混合神秘香料制作而成的钓鱼香津，连历经风浪的老渔民都坚信，世界上没有任何一条鱼可以抵挡它的喷香美味。
「从现在开始，不是我想要的鱼，直接放生。」","月亮湾渔具商店
钓鱼点选渔具商店快捷购买",道具、可购买、鱼类道具,鱼饵,,金髓饵
沉香饵,金,90鱼鳞币,造价高昂的鱼饵，可以提升钓到以下海水鱼的概率：赤火神仙鱼、落日波纹,"只看名字就知道价值不菲的鱼饵，其中含有颇为珍贵的香精，相当适合作为礼物送给爱好钓鱼的人。
「都用上沉香饵了，再钓不到鱼一定是我的问题。」","月亮湾渔具商店
钓鱼点选渔具商店快捷购买",道具、可购买、鱼类道具,鱼饵,,沉香饵
玉引饵,金,90鱼鳞币,造价高昂的鱼饵，可以提升钓到以下海水鱼的概率：剧毒狮子鱼、骨鲷,"工艺复杂，用料繁多的高端饵料，除了贵几乎没有缺点，能否找到它的平替是钓鱼者圈子中一直以来讨论颇多的话题，但用过的人都知道有些东西贵自然有贵的道理。
「老兄，我敢打赌连竿饵能达到它差不多70%的效果。」","月亮湾渔具商店
钓鱼点选渔具商店快捷购买",道具、可购买、鱼类道具,鱼饵,,玉引饵
流霞饵,金,90鱼鳞币,造价高昂的鱼饵，可以提升钓到以下海水鱼的概率：条纹椰、黑夜蝠鲼,"当鱼饵入水时会飘散开来，如同夕阳斜照，流霞映江，因而得名。
「此刻，鱼饵不再是鱼饵，是凝聚着制作者心血的艺术品，至于钓上来的是不是鱼……」","月亮湾渔具商店
钓鱼点选渔具商店快捷购买",道具、可购买、鱼类道具,鱼饵,,流霞饵
「橄榄枝」,紫,0,角色异能强化材料，用于提升角色的异能等级。,这场表演的结局由你来定，你可以宣布这是平安的一天，或者相反？,"胡迪尼的诡计舞台-小心鸽子
猎人交易所
合成",道具、可刷取、养成材料,异能升级,,「橄榄枝」
白鸽的振翅,蓝,0,角色异能强化材料，用于提升角色的异能等级。,这场表演你的身份是健康的白鸽，快飞吧，趁着翅膀还在。,"胡迪尼的诡计舞台-小心鸽子
猎人交易所
合成",道具、可刷取、养成材料,异能升级,,白鸽的振翅
雏鸟的希冀,绿,0,角色异能强化材料，用于提升角色的异能等级。,这场表演你的身份是羸弱的幼鸟，可怜的孩子，向你献上最真挚的祝福。,"开启材料自选箱
胡迪尼的诡计舞台-小心鸽子
猎人交易所",道具、可刷取、养成材料,异能升级,,雏鸟的希冀
「白蔷薇」,紫,0,角色异能强化材料，用于提升角色的异能等级。,这场表演你的身份是白蔷薇上将，你的职责是消灭花园里的每一朵白蔷薇。,"胡迪尼的诡计舞台-扑克茶会
猎人交易所
合成",道具、可刷取、养成材料,异能升级,,「白蔷薇」
尉官的谨慎,蓝,0,角色异能强化材料，用于提升角色的异能等级。,这场表演你的身份是一名尉官，请遵循士兵守则。,"胡迪尼的诡计舞台-扑克茶会
猎人交易所
合成",道具、可刷取、养成材料,异能升级,,尉官的谨慎
新兵的怯懦,绿,0,角色异能强化材料，用于提升角色的异能等级。,这场表演你的身份是一个新兵，先从站岗开始吧。,"开启材料自选箱
胡迪尼的诡计舞台-扑克茶会
猎人交易所",道具、可刷取、养成材料,异能升级,,新兵的怯懦
「黑帽子」,紫,0,角色异能强化材料，用于提升角色的异能等级。,这场表演你的身份是藏在游客中的绅士，摘下帽子，鞠躬致意，敬这场美妙的派对。,"胡迪尼的诡计舞台-惊喜派对
猎人交易所
合成",道具、可刷取、养成材料,异能升级,,「黑帽子」
已知的倦怠,蓝,0,角色异能强化材料，用于提升角色的异能等级。,这场表演你的随机身份是一名常来的游客，你已经知道这些空盒子里都是什么了，但还是伸出了手。,"胡迪尼的诡计舞台-惊喜派对
猎人交易所
合成",道具、可刷取、养成材料,异能升级,,已知的倦怠
初次的期许,绿,0,角色异能强化材料，用于提升角色的异能等级。,这场表演你的随机身份是一名游客，快来吧，盒子里什么都有。,"开启材料自选箱
胡迪尼的诡计舞台-惊喜派对
猎人交易所",道具、可刷取、养成材料,异能升级,,初次的期许
「心跳夜」,紫,0,角色异能强化材料，用于提升角色的异能等级。,这场表演你的身份是庄家，面前那张牌是红心3或者所有牌。,"胡迪尼的诡计舞台-心电感应
猎人交易所
合成",道具、可刷取、养成材料,异能升级,,「心跳夜」
信仰的共鸣,蓝,0,角色异能强化材料，用于提升角色的异能等级。,这场表演你的身份是参与者，面前这张牌是红心3……恭喜，你猜对了。,"胡迪尼的诡计舞台-心电感应
猎人交易所
合成",道具、可刷取、养成材料,异能升级,,信仰的共鸣
思维的同频,绿,0,角色异能强化材料，用于提升角色的异能等级。,这场表演你的身份是参与者，面前这张牌是红心3……很抱歉，你猜错了。,"开启材料自选箱
胡迪尼的诡计舞台-心电感应
猎人交易所",道具、可刷取、养成材料,异能升级,,思维的同频
「第三人」,紫,0,角色异能强化材料，用于提升角色的异能等级。,这场表演中你将死去，然后成为第二个你。,"胡迪尼的诡计舞台-越狱艺术
猎人交易所
合成",道具、可刷取、养成材料,异能升级,,「第三人」
倒悬的轻响,蓝,0,角色异能强化材料，用于提升角色的异能等级。,这场表演你的身份是盲从者，你们一起屏息，试图从无声的水中听到锁舌的声音。,"胡迪尼的诡计舞台-越狱艺术
猎人交易所
合成",道具、可刷取、养成材料,异能升级,,倒悬的轻响
水波的迟疑,绿,0,角色异能强化材料，用于提升角色的异能等级。,这场表演你的身份是无辜的观众，是镣铐的提供者，是未来的凶手。,"开启材料自选箱
胡迪尼的诡计舞台-越狱艺术
猎人交易所",道具、可刷取、养成材料,异能升级,,水波的迟疑
金色苹果核,紫,0,弧盘突破材料，可以提升弧盘的突破等级。,一件杰作，现在它金光灿灿，足以引起纷争。,"泡影罐头工厂-苹果核
合成",道具、可刷取、养成材料,弧盘突破,,金色苹果核
银质苹果核,蓝,0,弧盘突破材料，可以提升弧盘的突破等级。,一件近乎完美的制品，连苹果核上的虫洞都栩栩如生。,"开启材料自选箱
泡影罐头工厂-苹果核
合成",道具、可刷取、养成材料,弧盘突破,,银质苹果核
铁质苹果核,绿,0,弧盘突破材料，可以提升弧盘的突破等级。,一件技艺精湛的复刻品，它甚至也会像真的苹果核一样，缓慢腐朽。,"开启材料自选箱
泡影罐头工厂-苹果核",道具、可刷取、养成材料,弧盘突破,,铁质苹果核
螺旋乐齐奏,紫,0,弧盘突破材料，可以提升弧盘的突破等级。,一曲或高昂或平淡的交响乐，现在指挥棒就在手中，挥动，演出开始！,"泡影罐头工厂-螺旋乐
合成",道具、可刷取、养成材料,弧盘突破,,螺旋乐齐奏
螺旋乐小节,蓝,0,弧盘突破材料，可以提升弧盘的突破等级。,一小节没有名字的音乐，一如那懵懂的情感，描述不清却足够真挚。,"开启材料自选箱
泡影罐头工厂-螺旋乐
合成",道具、可刷取、养成材料,弧盘突破,,螺旋乐小节
螺旋乐碎屑,绿,0,弧盘突破材料，可以提升弧盘的突破等级。,错落无法成节的音符，稚嫩的手落在小木琴上，是对新世界的一次伟大探索。,"开启材料自选箱
泡影罐头工厂-螺旋乐",道具、可刷取、养成材料,弧盘突破,,螺旋乐碎屑
罐装液态梦,紫,0,弧盘突破材料，可以提升弧盘的突破等级。,请允许我收回前言，正装——才是最完美的！,"泡影罐头工厂-液态梦
合成",道具、可刷取、养成材料,弧盘突破,,罐装液态梦
液态梦旅行装,蓝,0,弧盘突破材料，可以提升弧盘的突破等级。,至少便于携带是它的优点，记得把包装拆开刮干净。,"开启材料自选箱
泡影罐头工厂-液态梦
合成",道具、可刷取、养成材料,弧盘突破,,液态梦旅行装
液态梦试用装,绿,0,弧盘突破材料，可以提升弧盘的突破等级。,试用装总是比正装好使，这是常识。,"开启材料自选箱
泡影罐头工厂-液态梦",道具、可刷取、养成材料,弧盘突破,,液态梦试用装
特制冷点心,紫,0,弧盘突破材料，可以提升弧盘的突破等级。,私人订制限定款冰淇淋，保留装饰品的同时，似乎添加了一些特殊材料来丰富口感。,"泡影罐头工厂-冷点心
合成",道具、可刷取、养成材料,弧盘突破,,特制冷点心
原味冷点心,蓝,0,弧盘突破材料，可以提升弧盘的突破等级。,经典款香草味冰淇淋，有着几十年如一日的不变口感和线头装饰品。,"开启材料自选箱
泡影罐头工厂-冷点心
合成",道具、可刷取、养成材料,弧盘突破,,原味冷点心
无味冷点心,绿,0,弧盘突破材料，可以提升弧盘的突破等级。,已经有些融化的冰淇淋，吝啬的老板竟然用线头做装饰品。,"开启材料自选箱
泡影罐头工厂-冷点心",道具、可刷取、养成材料,弧盘突破,,无味冷点心
典藏级戏剧芯,紫,0,弧盘突破材料，可以提升弧盘的突破等级。,坐在最佳观影区的你，已经可以优雅地为每一场比赛鼓掌，哪怕那位演员刚刚忘词。,"泡影罐头工厂-戏剧芯
合成",道具、可刷取、养成材料,弧盘突破,,典藏级戏剧芯
大师级戏剧芯,蓝,0,弧盘突破材料，可以提升弧盘的突破等级。,在欣赏过众多的戏剧之后，你成为一名合格的戏剧大师，就这样。,"开启材料自选箱
泡影罐头工厂-戏剧芯
合成",道具、可刷取、养成材料,弧盘突破,,大师级戏剧芯
入门级戏剧芯,绿,0,弧盘突破材料，可以提升弧盘的突破等级。,这真是一场不能更糟糕的戏剧表演，在妆造劣质的演员开口前，你已经陷入了昏睡。,"开启材料自选箱
泡影罐头工厂-戏剧芯",道具、可刷取、养成材料,弧盘突破,,入门级戏剧芯
U-00NE,蓝,0,可以在「迈达斯弧盘工坊」兑换弧盘。,异象在被泯除后掉落的沙状物质，如果不快速收集的话很快便会消失。尽管拥有完全不合规的异象编号却没有任何有关该物质的记述，亦无法用语言描述它的特征，当人长时间注视该物质时甚至会因为涌入脑中的大量信息而感到眩晕。,"异象掉落
异象委托",道具、可刷取、代币,代币,,U-00NE
金萝卜币,金,0,可用于高级倒带。,黑兔子吃胡萝卜，灰兔子吃银萝卜，白兔子……白兔子是金萝卜。,兔子洞,道具、可刷取、重要道具、代币,代币、空幕卡带,,金萝卜币
银萝卜币,紫,0,可用于中级倒带。,灰兔子喜欢亮闪闪的胡萝卜，吃起来像月亮一样。,兔子洞,道具、可刷取、重要道具、代币,代币、空幕卡带,,银萝卜币
胡萝卜币,蓝,0,可用于初级倒带。,野生胡萝卜做的假币只会被黑兔子吃掉，就算是最杰出的雕刻大师也不行。,兔子洞,道具、可刷取、重要道具、代币,代币、空幕卡带,,胡萝卜币
无梦果核,蓝,6000/10失纬棋子,可用于提升角色的都市特技等级。,「在一千个斑斓梦境中，种下一千枚种子。」,"每日活跃
集市兑换
猎人交易所",道具、可购买、养成材料,异能突破,,无梦果核
善良脆鼠饼,蓝,0,能够转移巡哨鼠鼠注意力的饼干，在被通缉时食用，可降低500点通缉值，或可用于治安所商店购买商品。,能够转移巡哨鼠鼠注意力的饼干,"失物上交
解决城市违规行径事件",道具、特殊获取、代币,代币,,善良脆鼠饼
遗失的钱包,蓝,0,偶然捡到的遗失钱包，打开使用后获得方斯，不使用并上交治安所后能够降低通缉值。,拿走还是上交，这是个问题。,世界探索,道具、可拾取、其他,遗失物,,遗失的钱包
通勤公文包-掉落物,蓝,0,完全按照刻板印象制作出的皮质公文包，打开后会发现连里面的东西都符合对上班族的想象。,怎么拾到的您别问。,世界探索,道具、可拾取、其他,遗失物,,通勤公文包-掉落物
速食早餐袋,蓝,0,印有可爱图样的便利店早餐纸袋，除了热气腾腾的食物之外，有时说不定还装有其他奇妙的物件……,怎么拾到的您别问。,世界探索,道具、可拾取、其他,遗失物,,速食早餐袋
遗失的储物柜钥匙,蓝,0,无主的储物柜钥匙，可以用来打开城市里的「一格」储物柜格口。,一把钥匙能打开一个格口，拥有了钥匙，就拥有了格口。,世界探索,道具、可拾取、其他,遗失物,,遗失的储物柜钥匙
普通养成经验自选箱,蓝,0,"使用后可从资深猎人攻略*15、井屑达人*15、无彩染剂*15、甲硬币*35000中选择1个。
",自选箱,环期赏令,道具、特殊获取、养成材料、其他,自选箱、经验、异能突破、弧盘突破、空幕卡带,,普通养成经验自选箱
高级养成经验自选箱,紫,0,使用后可从特级猎人攻略*15、超屑井主*15、混沌染剂*15、甲硬币*150000中选择1个。,自选箱,环期赏令,道具、特殊获取、养成材料、其他,自选箱、经验、异能突破、弧盘突破、空幕卡带,,高级养成经验自选箱
弧光奇藏,金,0,其中装有迈达斯科技公司为异象猎人公会特别定制的「临界硬度」系列弧盘，开启后可自选一把强力弧盘。,自选箱,环期赏令,道具、特殊获取、其他,自选箱,,弧光奇藏
空幕「卡带」自选套装,金,0,使用后可从「失落光芒」「森林萤火之心」「真红：双生蝶」「迪亚波罗斯」「恶魔之血：诅咒」「街头拳王」中自选一件「卡带」。,自选箱,环期赏令,道具、特殊获取、其他,自选箱,,空幕「卡带」自选套装
普通角色异能自选箱,绿,0,使用后可从思维的同频*8、雏鸟的希冀*8、新兵的怯懦*8、初次的期许*8、水波的迟疑*8、铁制苹果核*8、螺旋乐碎屑*8、液态梦试用装*8、无味冷点心*8、入门级戏剧芯*8中选择1个。,自选箱,环期赏令,道具、特殊获取、养成材料、其他,自选箱、异能突破、弧盘突破,,普通角色异能自选箱
高级角色异能自选箱,蓝,0,使用后可从白鸽的振翅*10、厨官的谨慎*10、已知的倦怠*10、信仰的共鸣*10、倒悬的轻响*10、银质苹果核*10、螺旋乐小节*10、液态梦旅行装*10、原味冷点心*10、大师级戏剧芯*10中选择1个。,异象猎人公会为每位工会成员额外发放的高级物资箱，里面装有丰厚补给，以备不时之需。,环期赏令,道具、特殊获取、养成材料、其他,自选箱、异能突破、弧盘突破,,高级角色异能自选箱
初级异象材料自选箱,绿,500,使用后可从失落絮语、褪色掠影、模糊数符、悬想幻妄中自选一件。,自选箱,"环期赏令
猎人交易所",道具、可购买、养成材料、其他,自选箱、角色突破,,初级异象材料自选箱
初级弧盘突破材料自选箱,绿,1500,使用后可从铁制苹果核、螺旋乐碎屑、液态梦试用装、无味冷点心、入门级戏剧芯中自选一件。,自选箱,"环期赏令
猎人交易所",道具、可购买、养成材料、其他,自选箱、弧盘突破,,初级弧盘突破材料自选箱
初级角色异能材料自选箱,绿,1500,使用后可从雏鸟的希冀、新兵的怯懦、初次的期许、思维的同频、水波的迟疑中自选一件。,自选箱,"环期赏令
猎人交易所",道具、可购买、养成材料、其他,自选箱、异能升级,,初级角色异能材料自选箱
混沌染剂,紫,3000,弧盘升级材料，包含10000点弧盘经验，可以用于升级弧盘。,添加了某种特殊物质的弧盘染剂，能快速提升弧盘性能且无副作用，如果价格昂贵不算副作用的话。,"开启材料自选箱
胡迪尼的魔术舞台-万花筒
猎人交易所
世界探索",道具、可刷取、养成材料,经验、弧盘突破,,混沌染剂
无彩染剂,蓝,750,弧盘升级材料，包含2500点弧盘经验，可以用于升级弧盘。,经典款的弧盘染剂，让您的弧盘焕然一新，畅销多年的秘密在于从不公开畅销的秘密。,"胡迪尼的魔术舞台-万花筒
猎人交易所
世界探索",道具、可刷取、养成材料,经验、弧盘突破,,无彩染剂
淡色染剂,绿,150,弧盘升级材料，包含500点弧盘经验，可以用于升级弧盘。,稀释过后的弧盘染剂，可满足弧盘的日常保养需求，极其精妙的水和原料配比，至少比水有用。,"胡迪尼的魔术舞台-万花筒
猎人交易所
世界探索",道具、可刷取、养成材料,经验、弧盘突破,,淡色染剂
超屑井主,紫,3000,使用后提升空幕「驱动」或「卡带」20000点经验值。,「屑之上，我即井主。」,"开启材料自选箱
兔子洞
猎人交易所",道具、可刷取、养成材料,经验、空幕卡带,,超屑井主
井屑达人,蓝,750,使用后提升空幕「驱动」或「卡带」5000点经验值。,「啧，太勉强了吧。」,"开启材料自选箱
兔子洞
猎人交易所",道具、可刷取、养成材料,经验、空幕卡带,,井屑达人
井小屑,绿,150,使用后提升空幕「驱动」或「卡带」1000点经验值。,「带上我？也行吧，反正本屑不差这点屑。」,"兔子洞
猎人交易所",道具、可刷取、养成材料,经验、空幕卡带,,井小屑
水温调节器,紫,10000,鱼缸设备，能够自动调节水温，并保持在最适宜的温度。,嘘，温度刚好，鱼儿做梦会回到它出生的那条河流吗？,"月亮湾观赏鱼店（桥间地）
月亮湾观赏鱼店（绘空町）
月亮湾观赏鱼店（新赫兰德区）",道具、可购买、鱼类道具,养鱼道具,,水温调节器
普通鱼食,紫,10,普通品质的鱼食，使用后能提升鱼类饱食度。,看来世界上又多了一个喂鱼放空的人呐。,"月亮湾观赏鱼店（桥间地）
月亮湾观赏鱼店（绘空町）
月亮湾观赏鱼店（新赫兰德区）",道具、可购买、鱼类道具,养鱼道具,,普通鱼食
高级鱼食,紫,30,品质极高的鱼食，使用后能提升鱼类饱食度。,生命的意义在于生命本身。此时此刻鱼存在，鱼缸也充满无限可能。,"月亮湾观赏鱼店（桥间地）
月亮湾观赏鱼店（绘空町）
月亮湾观赏鱼店（新赫兰德区）",道具、可购买、鱼类道具,养鱼道具,,高级鱼食
碱性凝露,紫,20,用于鱼缸水质管理，能够提升水的ph值。,放一点点就好，可别弄出苏打喷泉啦！,"月亮湾观赏鱼店（桥间地）
月亮湾观赏鱼店（绘空町）
月亮湾观赏鱼店（新赫兰德区）",道具、可购买、鱼类道具,养鱼道具,,碱性凝露
酸性凝露,紫,20,用于鱼缸水质管理，能够降低水的ph值。,总觉得鱼缸里下了一场雨，鱼儿的鳞光也跟着亮了起来。,"月亮湾观赏鱼店（桥间地）
月亮湾观赏鱼店（绘空町）
月亮湾观赏鱼店（新赫兰德区）",道具、可购买、鱼类道具,养鱼道具,,酸性凝露
才能面包,紫,0,使用后提升球员才能,一片写满了排球技巧的面包，吃下去就能提升才能。小心吃撑。,排球之星赛事奖励,道具、特殊获取、养成材料,其他,,才能面包
