名称,稀有度,价格,用途,介绍,获取途径,标签,pics,,
Rover A1,金,0,在空旷处使用后呼叫车辆Rover A1。,Rover A1，轻巧车身，节能环保，短途通勤的最佳伴侣。,完成主线任务「照相馆的异常」后解锁,重要物品、特殊获取、便捷条、车钥匙,Rover A1,,
「冲向明天！」,金,30000爪爪币,在空旷处使用后呼叫车辆「冲向明天！」。,由「管家」大卫先生驱动的次世代新概念载具。在下次迭代中，我们预计将其改为燃料驱动，使用大小相等的四轮，以及更安全的封闭轿厢。这是载具界的一次重大突破！,「粉爪猫窝」中兑换,重要物品、可购买、特殊获取、便捷条、车钥匙、玩法、粉爪大劫案,「冲向明天！」,,
B100,金,20000爪爪币,在路边使用后呼叫车辆B100。,新越新品B100，轻量化车身和低重心布局，让你感受稳健而灵敏的驾驶回应。,「粉爪猫窝」中兑换,重要物品、可购买、特殊获取、便捷条、车钥匙、玩法、粉爪大劫案,B100,,
C2000,金,50000,在路边使用后呼叫车辆C2000。,新越-C2000，经济适用与卓越性能的完美结合，宽敞舒适的驾乘体验，高效运转的动力系统，让每一次出行，都安稳可靠。,新越车行,重要物品、可购买、便捷条、车钥匙,C2000,,
M1000,金,350000,在路边使用后呼叫车辆M1000。,新越M1000，紧凑车身设计，极致灵活操纵体验，让你在城市拥堵中也游刃有余。,新越车行,重要物品、可购买、便捷条、车钥匙,M1000,,
ST79,金,600000,在路边使用后呼叫车辆ST79。,ST79，简洁实用的机械结构，复古外形搭配充满机械感的手动变速箱，纯粹的驾驶乐趣，就此启程。,新越车行,重要物品、可购买、便捷条、车钥匙,ST79,,
Enforcer,金,1720000,在路边使用后呼叫车辆Enforcer。,Enforcer，充满力量感的车身线条配合以强劲马力，坚固耐用，助你成为道路的掌控者。,新越车行,重要物品、可购买、便捷条、车钥匙,Enforcer,,
Girffin,金,1500000,在路边使用后呼叫车辆Girffin。,Griffin，雷加利亚旗下工艺与科技的结晶，配置最新的驾驶辅助系统和智能信息娱乐系统，流线型车身与标志性跳灯的完美融合，彰显了雷加利亚对于细节的极致追求。,雷加利亚车行,重要物品、可购买、便捷条、车钥匙,Girffin,,
Girffin Volante,金,1800000,在路边使用后呼叫车辆Girffin Volante。,雷加利亚最新敞篷汽车，无可比拟的流线外形，将空气动力学与美学推至极致，敞篷设计让都市喧嚣也成为最自由的风。,雷加利亚车行,重要物品、可购买、便捷条、车钥匙,Girffin Volante,,
Pursuit V8,金,4000000,在路边使用后呼叫车辆Pursuit V8。,Pursuit V8，精准调校的四驱系统，启动时的低沉轰鸣声浪，感受纯粹机械魅力。,雷加利亚车行,重要物品、可购买、便捷条、车钥匙,Pursuit V8,,
LaVelox,金,10800000,在路边使用后呼叫车辆LaVelox。,LaVelox，搭载混合动力系统，结合尖端引擎和最新科技材料，重新定义，什么是超跑。,雷加利亚车行,重要物品、可购买、便捷条、车钥匙,LaVelox,,
Pendragon,金,12000000,在路边使用后呼叫车辆Pendragon。,Pendragon，雷加利亚对未来探索的最新力作，用科技缔造新的超跑传奇。,雷加利亚车行,重要物品、可购买、便捷条、车钥匙,Pendragon,,
Novis ST-X 950,金,250000,在路边使用后呼叫车辆Novis ST-X 950。,雷加利亚的得意之作，传承超跑血统，搭配高性能发动机，每次加速都是对极限发起挑战。,雷加利亚车行,重要物品、可购买、便捷条、车钥匙,Novis ST-X 950,,
Blizzard-V4,金,2450000,在路边使用后呼叫车辆Blizzard-V4。,雷加利亚新款摩托，拥有独特的空气动力学外形与高性能动力系统，专为职业赛车手打造。,雷加利亚车行,重要物品、可购买、便捷条、车钥匙,Blizzard-V4,,
G3,金,200000,在路边使用后呼叫车辆G3。,G3，无可比拟的硬朗外形，搭配最先进的四轮驱动系统和豪华内饰，无论是商务还是休闲场合，让您在任何环境都从容自信。,TerraX车行,重要物品、可购买、便捷条、车钥匙,G3,,
K01,金,6800000/168CNY,在空旷处使用后呼叫车辆K01。,休闲型卡丁车，操纵灵活，强劲的引擎搭载氮气加速系统，让你充分感受到速度的乐趣！,购买「音速疾驰礼盒」,重要物品、可购买、特殊获取、便捷条、车钥匙,K01,,
Porsche 918 Spyder,金,13200000,在路边使用后呼叫车辆Porsche 918 Spyder。,Porsche 918 Spyder，超凡脱俗的未来感外形，无与伦比的驾驶动态，助力您的非凡人生。,"盲盒抽取
价格按最后4发盲盒方斯价格累加计算",重要物品、可购买、特殊获取、便捷条、车钥匙、玩法、盲盒,Porsche 918 Spyder,,
Draco,金,7200000,在路边使用后呼叫车辆Draco。,颠覆想象的设计，突破道路的局限。若穿着特定装备驾驶，则会变化为更具幻想色彩的特殊形态。,"盲盒抽取
价格按最后4发盲盒方斯价格累加计算",重要物品、可购买、特殊获取、便捷条、车钥匙、玩法、盲盒,Draco,,
心象碎片·「零」,金,0,提高「零」的觉醒等级。,提高「零」的觉醒等级。,剧情获取,重要物品、养成材料、角色,心象碎片·「零」,,
心象碎片·早雾,金,0,提高早雾的觉醒等级。,提高早雾的觉醒等级。,重复获得角色卡转换,重要物品、养成材料、角色,心象碎片·早雾,,
心象碎片·达芙蒂尔,金,0,提高达芙蒂尔的觉醒等级。,提高达芙蒂尔的觉醒等级。,重复获得角色卡转换,重要物品、养成材料、角色,心象碎片·达芙蒂尔,,
心象碎片·法帝娅,金,0,提高法帝娅的觉醒等级。,提高法帝娅的觉醒等级。,重复获得角色卡转换,重要物品、养成材料、角色,心象碎片·法帝娅,,
心象碎片·白藏,金,0,提高白藏的觉醒等级。,提高白藏的觉醒等级。,重复获得角色卡转换,重要物品、养成材料、角色,心象碎片·白藏,,
心象碎片·九原,金,0,提高九原的觉醒等级。,提高九原的觉醒等级。,重复获得角色卡转换,重要物品、养成材料、角色,心象碎片·九原,,
心象碎片·哈索尔,金,0,提高哈索尔的觉醒等级。,提高哈索尔的觉醒等级。,重复获得角色卡转换,重要物品、养成材料、角色,心象碎片·哈索尔,,
心象碎片·小吱,金,0,提高小吱的觉醒等级。,提高小吱的觉醒等级。,重复获得角色卡转换,重要物品、养成材料、角色,心象碎片·小吱,,
心象碎片·娜娜莉,金,0,提高娜娜莉的觉醒等级。,提高娜娜莉的觉醒等级。,重复获得角色卡转换,重要物品、养成材料、角色,心象碎片·娜娜莉,,
心象碎片·浔,金,0,提高浔的觉醒等级。,提高浔的觉醒等级。,重复获得角色卡转换,重要物品、养成材料、角色,心象碎片·浔,,
心象碎片·安魂曲,金,0,提高安魂曲的觉醒等级。,提高安魂曲的觉醒等级。,重复获得角色卡转换,重要物品、养成材料、角色,心象碎片·安魂曲,,
心象碎片·卡厄斯,金,0,提高卡厄斯的觉醒等级。,提高卡厄斯的觉醒等级。,重复获得角色卡转换,重要物品、养成材料、角色,心象碎片·卡厄斯,,
心象碎片·真红,金,0,提高真红的觉醒等级。,提高真红的觉醒等级。,重复获得角色卡转换,重要物品、养成材料、角色,心象碎片·真红,,
心象碎片·伊洛伊,金,0,提高伊洛伊的觉醒等级。,提高伊洛伊的觉醒等级。,重复获得角色卡转换,重要物品、养成材料、角色,心象碎片·伊洛伊,,
心象碎片·薄荷,紫,0,提高薄荷的觉醒等级。,提高薄荷的觉醒等级。,重复获得角色卡转换,重要物品、养成材料、角色,心象碎片·薄荷,,
心象碎片·哈尼娅,紫,0,提高哈尼娅的觉醒等级。,提高哈尼娅的觉醒等级。,重复获得角色卡转换,重要物品、养成材料、角色,心象碎片·哈尼娅,,
心象碎片·阿德勒,紫,0,提高阿德勒的觉醒等级。,提高阿德勒的觉醒等级。,重复获得角色卡转换,重要物品、养成材料、角色,心象碎片·阿德勒,,
心象碎片·埃德嘉,紫,0,提高埃德嘉的觉醒等级。,提高埃德嘉的觉醒等级。,重复获得角色卡转换,重要物品、养成材料、角色,心象碎片·埃德嘉,,
心象碎片·翳,紫,0,提高翳的觉醒等级。,提高翳的觉醒等级。,重复获得角色卡转换,重要物品、养成材料、角色,心象碎片·翳,,
心象碎片·海月,紫,0,提高海月的觉醒等级。,提高海月的觉醒等级。,重复获得角色卡转换,重要物品、养成材料、角色,心象碎片·海月,,
来自「伊波恩」的蛋糕,金,0,用来纪念一个好日子。,「浔提供了本次纪念日的全部资金，塔吉多负责了所有的采购工作，埃德嘉绘制了最完美的蛋糕制作图并由达芙蒂尔百分百完美复制，早雾和娜娜莉完成了蛋糕上的点缀，而阿德勒制作了蓬松的蛋糕胚，细腻的白奶油，甜蜜的果酱内馅，匀称的蛋糕抹面，以及每一位伊波恩成员的翻糖小人摆件……总得来说，纪念日的准备工作已经全部收尾，现在只差一个吹蜡烛的人。」,邮件附件获得。,重要物品、特殊获取、其他,来自「伊波恩」的蛋糕,,
嗯！硬币,金,0,可前往「迈达斯弧盘工房」兑换弧盘「千金难买你开心」。,承载许愿之力的硬币，是勤劳的纳库佩达赠予世人的馈赠，24小时不眠不休地推动命运的齿轮，实现人们的愿望。如果仔细聆听，大概冥冥之中会有一句：嗯！对你的愿望表示肯定。,「纳库佩达之池」许愿获得,重要物品、特殊获取、玩法、代币,嗯！硬币,,
大束红玫瑰,金,1000,「从捏造开始的恋爱大作战」任务道具,在任何时候都被认为是表达爱恋之心的必备品。总之，没有这个是不行的，但若是只有这个……也有人会觉得是一种不肯多动点脑子的敷衍表现。,"主线「从捏造开始的恋爱大作战」剧情获得
集山忘野花店(桥间地-水梨子大道西店)",重要物品、任务道具、消耗品、不可保留,大束红玫瑰,,
「随心泥」,金,1000,「从捏造开始的恋爱大作战」任务道具,DSD潮玩店新推出的异象玩具。在捏造时注入自身了解，即可还原实物材质与光泽的橡皮泥。很适合捏成宝石的样子做装饰，不过要注意摸上去还是软的！,"主线「从捏造开始的恋爱大作战」剧情获得
DSD潮玩店(桥间地-姆咪街店)",重要物品、任务道具、消耗品、不可保留,「随心泥」,,
噗卡限定珍珠贝糖,金,900,「从捏造开始的恋爱大作战」任务道具,口感爽滑、海洋风味的硬质糖果！每一粒都由定制贝壳装饰包裹，发售数量有限。,"主线「从捏造开始的恋爱大作战」剧情获得
噗卡糖果店(桥间地-火炬木大道店)",重要物品、任务道具、消耗品、不可保留,噗卡限定珍珠贝糖,,
兰斯起泡酒,金,450,「传说起点的究极漂移！」任务道具,"兰斯——为飞驰而生。
广告语的意思是：非常建议用于佳节晚宴、赛后庆祝、走亲访友，非常不建议作为燃料使用。","支线「传说起点的究极漂移！」剧情获得
2-Four便利店(米格尔区-北角镇店)",重要物品、任务道具、消耗品、不可保留,兰斯起泡酒,,
货车钥匙,金,30000,「写给你的逆行诗」任务道具,由于海鲜店老板的不信任，需要先付30000方斯的押金，才能得到货车钥匙……有点担心这些押金最后能不能要回来呢，不会到最后还要倒贴钱打工吧？,"支线「写给你的逆行诗」剧情获得
7-Oceans水产店(米格尔区-水菱湖路店)",重要物品、任务道具、消耗品、不可保留,货车钥匙,,
夏刑草,金,0,「写给你的逆行诗」任务道具,"夏刑草，遇夏枯靡，逢雪方生。
于是，那个连哭泣都不敢的雪人，用撼一座城市，逆一个季节的勇气——
为友人筑起了「永恒的冬天」。",支线「写给你的逆行诗」剧情获得,重要物品、任务道具、任务奖励,夏刑草,,
雪人小帕的照片,金,0,小帕离开后，你发现了一张它留下的照片。,这张照片，是你们之间仅剩的回忆纽带了……你没哭。只是眼睛里有点进雪。,支线「写给你的逆行诗」剧情获得,重要物品、任务道具、任务奖励,雪人小帕的照片,,
给薯条兽的礼物,金,300,「出发，美味调查队！」任务道具,深受顾客欢迎的「咔叽玛薯霸」，和薯条兽的薯条相比也毫不逊色。,"支线「出发，美味调查队！」剧情获得
咔叽玛快餐店(新赫兰德区)",重要物品、任务道具、消耗品、不可保留,给薯条兽的礼物,,
洋甘菊,金,0,「不言不知秋」任务道具,刚采下的花朵。据白藏介绍，花语是「不畏艰苦」。,番外「不言不知秋」剧情获得,重要物品、任务道具、消耗品、可保留,洋甘菊,,
玫瑰,金,0,「不言不知秋」任务道具,刚采下的花朵。据白藏介绍，花语是「热爱」。,番外「不言不知秋」剧情获得,重要物品、任务道具、消耗品、可保留,玫瑰,,
康乃馨,金,0,「不言不知秋」任务道具,刚采下的花朵。据白藏介绍，花语是「感谢、关怀」。,番外「不言不知秋」剧情获得,重要物品、任务道具、消耗品、不可保留,康乃馨,,
番茄百分百果冻-任务,金,300,「番茄酱暴走现场实录！」任务道具,安魂曲情有独钟的番茄果冻。酸甜适中，带着番茄独有的清新风味，是她最最眷恋的味道。,"番外「番茄酱暴走现场实录」剧情获得
番茄百分百专卖售货机",重要物品、任务道具、任务奖励,番茄百分百果冻-任务,,
冰淇淋全家桶,金,500,「番茄酱暴走现场实录！」任务道具,一份装得满满的多口味冰淇淋，融合香草、草莓、巧克力等多种经典口味，是家庭聚会和炎炎夏日的最佳选择。,"番外「番茄酱暴走现场实录」剧情获得
碎雪冰淇淋店(绘空町)",重要物品、任务道具、任务奖励,冰淇淋全家桶,,
隐藏款扭蛋,金,0,「柯林斯首领轶事-家族信物大作战！」任务道具,柯林斯家族的信物。与其他信物不同的是，你拥有的这枚是真正的隐藏款。,"羁遇「柯林斯首领轶事-家族信物大作战！」剧情获得
娜娜莉 3级羁遇 好感度任务",重要物品、任务道具、任务奖励,隐藏款扭蛋,,
白鲸书店会员卡,金,0,「自我表达指南-知识的厚度」任务道具,一张普通的会员卡。从边角的磨损可以看出它经常被拿出使用，但它的表面仍然光洁如新，证明所有者对它爱护有加。,"羁遇「自我表达指南-知识的厚度」剧情获得
埃德嘉 级羁遇 好感度任务",重要物品、任务道具、消耗品、不可保留,白鲸书店会员卡,,
崭新的弹珠,金,0,「一包辣条的约定」任务道具,弹珠可以再买，能偷偷吃辣条的机会可不多！,轶闻「一包辣条的约定」剧情获得,重要物品、任务道具、任务奖励,崭新的弹珠,,
钨丝赠送的开关,金,0,用于切换表里世界的开关，交互后会切换到另外一个世界，用另一个视角观察世界或许会有新的发现。,一个看起来普普通通的开关，按下吧，按下吧，将世界的表里一一看清。,支线「当秋千晃了一千下」剧情获得,重要物品、任务道具、不可保留、便捷条、快捷道具,钨丝赠送的开关,,
《狐狸的秋千》（旧）,金,0,「当秋千晃了一千下」任务道具,一本陈旧的故事书，上面沾染了颜料，已经看不清字迹了。,支线「当秋千晃了一千下」剧情获得,重要物品、任务道具、不可保留,《狐狸的秋千》（旧）,,
《狐狸的秋千》（新） ,金,0,「当秋千晃了一千下」任务道具,一本崭新的《狐狸的秋千》，讲述了小狐狸在荡秋千时经历的奇妙故事。,支线「当秋千晃了一千下」剧情获得,重要物品、任务道具、消耗品、不可保留,《狐狸的秋千》（新） ,,
一把钥匙 ,金,0,「当秋千晃了一千下」任务道具,一把被遗漏在衣服堆里的钥匙，或许能用来打开点什么。,支线「当秋千晃了一千下」剧情获得,重要物品、任务道具、消耗品、不可保留,一把钥匙 ,,
小猫布偶,金,0,「当秋千晃了一千下」任务道具,一只非常黄色的小猫布偶，为什么不摸摸它呢？,支线「当秋千晃了一千下」剧情获得,重要物品、任务道具、不可保留,小猫布偶,,
破损的红色小熊布偶,金,0,「当秋千晃了一千下」任务道具,一只红色的小熊布偶，看针线痕迹似乎是手工制作的。因为时间太久已经有些破损了，如果能找到针线盒的话还可以补救一下。,支线「当秋千晃了一千下」剧情获得,重要物品、任务道具、消耗品、不可保留,破损的红色小熊布偶,,
缝好的小熊布偶,金,0,「当秋千晃了一千下」任务道具,（一只红色的小熊布偶，已经修补好了破损的地方，那是爱和时间留下的痕迹。）,支线「当秋千晃了一千下」剧情获得,重要物品、任务道具、消耗品、不可保留,缝好的小熊布偶,,
残破的小熊布偶,金,0,「当秋千晃了一千下」任务道具,完全坏掉的小熊布偶，已经没办法修补了。拿着它总是会想起一些恐怖电影桥段……,支线「当秋千晃了一千下」剧情获得,重要物品、任务道具、不可保留,残破的小熊布偶,,
《让孩子喜欢的100道健康餐》,金,0,「当秋千晃了一千下」任务道具,蔬菜这样做，比肉还好吃。只需要掌握几个技巧，再也不用担心孩子挑食了。,支线「当秋千晃了一千下」剧情获得,重要物品、任务道具、不可保留,《让孩子喜欢的100道健康餐》,,
蛋糕配方,金,0,「当秋千晃了一千下」任务道具,"食材准备：
鸡蛋3个、玉米油35克、牛奶40克、低筋面粉50克、白砂糖30克、半个柠檬
制作步骤：
1.将蛋清蛋白分离至两个盆中.
2.重新取一个盆加入玉米油35克和牛奶40克搅拌成酸奶状。
3.加入蛋黄和低筋面粉划搅拌至顺滑状态。
4.从冰箱取出蛋清，加入柠檬汁，分三次加入白糖充分打发。
5.取1/3的蛋白霜加入蛋黄糊中混合均匀。
6.将混合好的蛋糕糊倒入蛋白霜盆中混合均匀。
7.将蛋糕糊倒入模具中，用牙签在将表面气泡划破。
8.送入烤箱上下火150度60分钟。",支线「当秋千晃了一千下」剧情获得,重要物品、任务道具、消耗品、不可保留,蛋糕配方,,
帕蒂的设计稿,金,0,「当秋千晃了一千下」任务道具,帕蒂为自己的院子精心制作的设计图纸，倾注了很多心血，每个角落都考虑到了。,支线「当秋千晃了一千下」剧情获得,重要物品、任务道具、消耗品、不可保留,帕蒂的设计稿,,
黑色勾线墨水,金,0,「当秋千晃了一千下」任务道具,丝滑的勾线墨水，很适合用来绘制设计图。,支线「当秋千晃了一千下」剧情获得,重要物品、任务道具、不可保留,黑色勾线墨水,,
颜料罐,金,0,「当秋千晃了一千下」任务道具,装满了各种颜色的颜料，红色颜料非常充足，帕蒂正需要这个。,支线「当秋千晃了一千下」剧情获得,重要物品、任务道具、消耗品、不可保留,颜料罐,,
烧毁的发卡,金,0,「当秋千晃了一千下」任务道具,一枚被灼烧过的发卡，似乎是手工制品，现在已经染上了洗不去的焦黑，勉强还保留着原状,支线「当秋千晃了一千下」剧情获得,重要物品、任务道具、任务奖励,烧毁的发卡,,
浅绯祈-闪耀端盒套组,紫,36000,「赤龙的眼光-关于乐趣的品味」任务道具,为「邂逅~银月圆舞会」主题快闪特别推出的盲盒套装，包含全部的四种基础款浅绯祈玩偶，每一盒都有可能在开启时奏起一段未曾披露的隐藏旋律。,"羁遇「赤龙的眼光-关于乐趣的品味」剧情获得
真红 5级羁遇 好感度任务",重要物品、任务道具、消耗品、不可保留,浅绯祈-闪耀端盒套组,,
浅绯祈-秘密星辉,蓝,15000,「赤龙的眼光-关于乐趣的品味」任务道具,为「邂逅~银月圆舞会」主题快闪特别推出的惊喜盲盒，可能开出四种以浅绯祈为原型设计的玩偶，更有全新设计的隐藏款式如灵动音符般悄然藏匿其中。,"羁遇「赤龙的眼光-关于乐趣的品味」剧情获得
真红 5级羁遇 好感度任务",重要物品、任务道具、任务奖励,浅绯祈-秘密星辉,,
浅绯祈-雏光浅梦,蓝,10000,「赤龙的眼光-关于乐趣的品味」任务道具,为「邂逅~银月圆舞会」主题快闪特别推出的Q版可动人偶，精致本体与丰富表情配件共同演奏了多变的旋律。,"羁遇「赤龙的眼光-关于乐趣的品味」剧情获得
真红 6级羁遇 好感度任务",重要物品、任务道具、任务奖励,浅绯祈-雏光浅梦,,
塔吉多的涂鸦册,金,0,塔吉多珍藏的涂鸦册，不久前还在鬼郎丸的肚子里。,所记录的塔吉多獭生美妙回忆不会沾上口水、留下牙印、蒙上灰尘。,支线「市民证」剧情获得,重要物品、任务道具、任务奖励,塔吉多的涂鸦册,,
塔吉多的仓库钥匙,金,0,伊波恩仓库的备用钥匙，拥有它将解锁伊波恩的仓库。,伊波恩仓库的备用钥匙。塔吉多将信任交给了你，和仓库中的珍宝一起。,支线「海特洛未来之星-塔吉多，大危机！」剧情获得,重要物品、任务道具、功能解锁、任务奖励,塔吉多的仓库钥匙,,
藏在书中的飞镖,绿,0,从书中获得的飞镖，或许在某些需要金属物品的地方派得上用场。,不知为何被夹在书中的飞镖，应该是某位前辈留下的，幸运地躲过了管教的检查。,「治安拘留所内隐藏任务」剧情获取,重要物品、特殊获取、任务道具、消耗品、不可保留,藏在书中的飞镖,,
（未来的）大师飞镖,金,0,「飞镖的奇妙漂流记」剧情获得,一位未来的飞镖大师，对于帮她找到飞镖的人的谢礼。拿上它吧，或许你也能成为飞镖大师！,佚闻「飞镖的奇妙漂流记」剧情获得,重要物品、任务道具、消耗品、不可保留,（未来的）大师飞镖,,
厚厚的文件袋,金,0,「载具杀手」剧情获得,受一位出车祸的司机委托传递的资料袋，他的弟弟似乎急需这份文件，把它送到折千市场便利店吧。,佚闻「载具杀手」剧情获得,重要物品、任务道具、消耗品、不可保留,厚厚的文件袋,,
普通的吉他,金,0,「被吃掉的旋律」剧情获得,一位游客在露营地丢失的吉他，把它交还给露营地的管理员吧。,佚闻「被吃掉的旋律」剧情获得,重要物品、任务道具、消耗品、不可保留,普通的吉他,,
奇异引火石,金,0,异闻：「漂流瓶与海滩篝火」任务道具,击打或摩擦易燃物，会燃起紫色火焰，遇水也无法浇灭。燃烧充分后，火焰自行消散。「给你的伙伴们变个戏法吧！」,异闻「漂流瓶与海滩篝火」剧情获得,重要物品、任务道具、消耗品、不可保留,奇异引火石,,
断落的剑柄,金,0,异闻：「黄金树之谜」任务道具,「曾属于某位流亡的君王。」,异闻「黄金树之谜」剧情获得,重要物品、任务道具、消耗品、不可保留,断落的剑柄,,
断落的剑格,金,0,异闻：「黄金树之谜」任务道具,「曾属于某位流亡的君王。」,异闻「黄金树之谜」剧情获得,重要物品、任务道具、消耗品、不可保留,断落的剑格,,
断落的剑刃,金,0,异闻：「黄金树之谜」任务道具,「曾属于某位流亡的君王。」,异闻「黄金树之谜」剧情获得,重要物品、任务道具、消耗品、不可保留,断落的剑刃,,
一挥即碎的锈刀,金,0,异闻：「海风捎来……」任务道具,刀尖断裂，铁锈层层剥落，镶嵌的装饰已被海水蚀出孔洞。刀柄缠着的布条腐蚀发黑，露出下面刻着的歪歪扭扭的小字：「杰瑞讨厌下雨，讨厌黑夜，讨厌火焰。」,异闻「海风捎来……」剧情获得,重要物品、任务道具、消耗品、不可保留,一挥即碎的锈刀,,
「三重奏」观光线,金,0,传闻在湛望角东边的Z42环海公路旁，有人看到过奥布里在那条人行道上散步。,"奥布里特供观光线，仅需「一」袋美味大骨头，即可拥有「三」重奏导游。
「很抱歉，目前仅供未成年乘坐。」
「让让，巨星出街。」
「汪！是榴莲味吗？」",支线「我们！意念！合一！」剧情获得,重要物品、任务道具、功能解锁、任务奖励,「三重奏」观光线,,
薄荷的密钥,金,0,薄荷办公室的进入权限。,"薄荷赠送的密钥，使用后可以进入薄荷的办公室。
特别备注：请勿帮薄荷收拾办公室。",薄荷 羁遇等级7级 羁遇奖励,重要物品、功能解锁、羁遇奖励,薄荷的密钥,,
读后感,金,0,"白鲸书店的会员卡，和埃德嘉一起读书吧。（使用后获取随机猎人攻略。）
",埃德嘉每周都会去参加白鲸书店的读书会，每周都会有新的收获。,埃德嘉 羁遇等级10级 羁遇奖励,重要物品、功能解锁、羁遇奖励,读后感,,
鬼狼丸磨牙棒,金,0,可以用它来模拟你的战斗招式。,早雾「赠送」的装饰品。早雾很高兴地送出了这份独一无二的礼物，总觉得上面还挂着亮晶晶的口水。,早雾 羁遇等级5级 羁遇奖励,重要物品、功能解锁、羁遇奖励,鬼狼丸磨牙棒,,
棉绒绒,金,0,"
使用后可以召唤「棉绒绒」，它们的忍耐值为零，受到攻击后会原地反击，化身肌肉猛兔，使出爱的勾拳。",「棉绒绒」是一种外形酷似白色兔子的温顺异象生物，依赖棉织品而生，会发出「棉花~棉棉」的声音，常在阳光充足的午后成群出现。被棉绒绒「加工」后的被子，会格外蓬松温暖，令人酣睡好梦，因此正常情况下，棉绒绒不存在威胁。但其对火焰极度敏感，一旦遭遇灼烧便会触发「狂暴化」，原本温顺的外表会在暴怒中彻底崩解，取而代之的是无穷的愤怒与铁拳。,支线「「棉绒绒」之乱」」剧情获得,重要物品、特殊获取、便捷条、快捷道具,棉绒绒,,
万花筒,金,0,花园中的女孩赠予的万花筒，用于切换场景的道具，交互后可看到此处的本质与真相。,转动它，窥见世界的本质。,主线「游梦洄廊」剧情获得,重要物品、特殊获取、便捷条、快捷道具、任务道具、可保留,万花筒,,
起司,金,0,使用后可以召唤「起司」，快门一响，万物定格，时光停驻，静默一切。但把世界定格成静止照片的效果仅有一次，绝无重拍机会。,「起司」外形酷似照相机，按下快门时，可使拍摄范围内所有生物都瞬间陷入「时间停滞」状态——身体无法移动，意识陷入沉寂，恍若被囚禁于一帧静止的画面中。起司是一次性异象，使用后会立刻泯除，普通人受「起司」影响严重，定格时间可长达数十小时，且事后完全丧失记忆，只能模糊记起刺眼的闪光灯。部分异能者仅会被定格住几分钟，且能清晰回忆起拍摄前的全部细节，包括相机持有者的身份。因其潜在用途包括暗杀、逃脱和挟制，普通人无缘得见，现主要流通于地下市场的悬赏交易中。,克莱门学院佚闻「」剧情获得,重要物品、特殊获取、便捷条、快捷道具、消耗品、唯一、不可再生,起司,,
向导,金,0,使用后召唤「向导」，「向导」将为你指引附近心仪之物的所在。跟着向导走，宝贝少不了。,最初，「向导」被发现于一场营救事件——某位在野外迷路的异象猎人，在昏暗的树林里遇见了一团漂浮的环形烟圈，它无声地变换着形状，为猎人指引方向，带他走出绝境。如今，这些烟圈形态的「向导」已随处可见，被投放至大型商场与旅游景点，取代了传统的导购员。当有人询问位置时，向导总知道捷径……虽然不一定是安全的。,克莱门学院佚闻「」剧情获得,重要物品、特殊获取、便捷条、快捷道具,向导,,
窥窥的墨镜,金,0,一副神秘的墨镜，镜片泛着微光，由「窥窥」精心收藏。,无人注意的墙缝里，寄居着名为「窥窥」的异象，它没有完整的形体，甚至没人说得清它的轮廓，因为目击者所能确认的，只有一只躲在墙缝后的眼睛。「窥窥」痴迷于观察人类生活的细枝末节：早餐摊蒸腾的热气、情侣在路灯下欲言又止的指尖、醉汉对着垃圾桶嘟囔的脏话……这些鲜活的生活都让它感到某种温暖的痒意。可惜这种小心翼翼的窥视，总会被人当成一种冒犯，随后发出惊叫与怒叱。现在……「窥窥」学聪明了，它收藏了一堆墨镜，笃定这是完美的伪装，幻想自己正戴着它们，坦然地融进这熙攘的人群。,克莱门学院佚闻「」剧情获得,重要物品、特殊获取、便捷条、快捷道具,窥窥的墨镜,,
换位思考滴眼液,金,0,将滴眼液滴入眼睛后，可暂时进入「其他人视角」来看世界。,滴入左眼——看见他的枷锁，滴入右眼——理解她的孤独。异象制品滴眼泪，滴完后可短暂进入「他人视角」，借一双眼睛，重新审视世界。滴完眼药水后，原本坐在公园长椅上的人，突然发现自己正四脚着地，变成了自家的宠物狗。但眼前一片模糊，风景褪色，整个世界都变得灰扑扑，这就是狗的视角啊，连红绿灯都分不清楚。但神奇的是，只要看到长椅上的「自己」，眼前就会变成明亮的黄色。原来在狗狗眼里……主人是会发光的。,克莱门学院佚闻「」剧情获得,重要物品、特殊获取、便捷条、快捷道具,换位思考滴眼液,,
尖叫电波,金,0,使用后召唤「尖叫电波」，为音频镀上复古质感，每段被电波抚摸过的声音，都在讲述一个关于时间的故事。,这台缠绕着老式真空管与跳频火花的异象制品收音机，永远在寻找「不够复古」的音乐。当它捕捉到忧郁旋律时，生锈的旋钮会疯狂自转，将曲子暴改成黑胶唱片特有的复古底噪。那些让老乐迷沉醉的「炒豆子杂音」，是收音机为失真的浪漫保留的频率，是时间洪流里不曾锈蚀的岁月。,佚闻「」剧情获得,重要物品、特殊获取、便捷条、快捷道具,尖叫电波,,
方盒随身听,金,0,使用后可播放音乐。,方盒随身听，出门时别忘记带上一盒音乐。,「都市大亨」大亨等级7级获得,重要物品、特殊获取、便捷条、快捷道具,方盒随身听,,
智能钥匙,金,0,可根据所处位置自由选择驾驶的车辆。,便捷出行，一把钥匙就够了！,「都市大亨」大亨等级13级获得,重要物品、特殊获取、便捷条、快捷道具,智能钥匙,,
聆谕水晶,金,0,可显示一定范围内的所有谕石，最多可同时存在3个。,那是干枯眼眶中流下的泪水，加上悔和恨在灰烬中凝聚而成水晶，只有这样才能看见迷茫的灵魂。,「魔女之家」告谕等级3级获得,重要物品、特殊获取、便捷条、快捷道具,聆谕水晶,,
VitalMax能量棒,金,0,获得后自动使用，耐力永久增加10点。,迈达斯科技公司与食品巨头贝弗瑞集团合作研发的革命性能量棒，提取多种超级食材精华与某种未被公开的异象活性成分，能显著提升异能者的长期体能。,「魔女之家」告谕等级1/2/4/5/6/7/8/9级获得,重要物品、特殊获取、养成材料、其他养成,VitalMax能量棒,,
员工电梯卡,金,0,曾属于某位工作人员的电梯卡。,持有此卡可以使用通往其他楼层的电梯。,异象委托「噩梦缠身-无名医院」探索获得,重要物品、特殊获取、任务道具、噩梦缠身、可保留,员工电梯卡,,
投影图纸,金,0,出自先锋建筑设计师之手的废案图纸，能够将使用者与周围的空间投影至二维平面。,「建筑是平面和空间相结合的艺术……如果难以理解，不如换个角度试试看?」,异象委托「换个角度？」剧情获得,重要物品、特殊获取、便捷条、快捷道具,投影图纸,,
变维图纸,金,0,出自先锋建筑设计师之手的废案图纸，能够将让使用者在二维平面内旋转投影的视角。,「这难道不艺术吗？你们就不能换个角度观察一下？」,异象委托「换个角度？」剧情获得,重要物品、特殊获取、便捷条、快捷道具,变维图纸,,
捏造骰子,金,160环石/24失纬棋子/70迷迭棋子,可用于「标准棋盘」中进行投掷获得所需物品。,「茶子捏造谎言，茶子捏造真相。」,"失纬兑换
环石加工
活动获得
各类购买（环期赏令/礼包）",重要物品、可购买、消耗品、抽卡,捏造骰子,,
质实骰子,金,160环石/24失纬棋子/70迷迭棋子,可用于「限定棋盘」中进行投掷获得所需物品。,「谎言星罗棋布，见到你就是真实。」,"失纬兑换
环石加工
活动获得
各类购买（环期赏令/礼包）",重要物品、可购买、消耗品、抽卡,质实骰子,,
三重钥匙,金,24000/160环石/24失纬棋子/70迷迭棋子,用于参与弧盘研幕计划和兑换弧盘。,"
「其一为创造真理，其二为星的轨迹，其三为神的法则。」","环石加工
活动获得
各类购买（礼包）
猎人交易所
24000/48000/80000",重要物品、可购买、消耗品、抽卡,三重钥匙,,
小小麻雀,紫,100000啾啾雀球,使用后可替换牌面花样。,是你家的啾啾女仆～啾！有什么问题请尽情吩咐哦～,「啾啾窠巢」中兑换,重要物品、可购买、功能解锁、麻将装扮,小小麻雀,,
牌背：粉,紫,80000啾啾雀球,使用后可替换牌被花样。,粉色的牌背。,「啾啾窠巢」中兑换,重要物品、可购买、功能解锁、麻将装扮,牌背：粉,,
桌布：粉,紫,100000啾啾雀球,使用后可替换桌布样式。,粉色的桌布。,「啾啾窠巢」中兑换,重要物品、可购买、功能解锁、麻将装扮,桌布：粉,,
碰：飞金,金,30000啾啾雀球,使用后可替换碰牌特效。,金玉满堂，财运连连。,「啾啾窠巢」中兑换,重要物品、可购买、功能解锁、麻将装扮,碰：飞金,,
胡：飞金,金,50000啾啾雀球,使用后可替换胡牌特效。,金玉满堂，财运连连。,「啾啾窠巢」中兑换,重要物品、可购买、功能解锁、麻将装扮,胡：飞金,,
立直：飞金,金,50000啾啾雀球,使用后可替换立直特效。,金玉满堂，财运连连。,「啾啾窠巢」中兑换,重要物品、可购买、功能解锁、麻将装扮,立直：飞金,,
碰：雪青,紫,30000啾啾雀球,使用后可替换碰牌特效。,紫气东来，福运连连。,「啾啾窠巢」中兑换,重要物品、可购买、功能解锁、麻将装扮,碰：雪青,,
胡：雪青,紫,50000啾啾雀球,使用后可替换胡牌特效。,紫气东来，福运连连。,「啾啾窠巢」中兑换,重要物品、可购买、功能解锁、麻将装扮,胡：雪青,,
立直：雪青,紫,50000啾啾雀球,使用后可替换立直特效。,紫气东来，福运连连。,「啾啾窠巢」中兑换,重要物品、可购买、功能解锁、麻将装扮,立直：雪青,,
桌布：番茄新发现,金,100000啾啾雀球,使用后可替换桌布样式。,安魂曲被抓拍到的一张照片。如果天上那个圆圆的东西是番茄的话，想必能做出好多好多番茄酱吧……,「啾啾窠巢」中兑换,重要物品、可购买、功能解锁、麻将装扮,桌布：番茄新发现,,
立直棒：郁郁葱葱,金,80000啾啾雀球,使用后可替换立直棒。,郁郁葱葱。,「啾啾窠巢」中兑换,重要物品、可购买、功能解锁、麻将装扮,立直棒：郁郁葱葱,,
新手鱼竿,绿,0,"可用于钓鱼的鱼竿，其配备的鱼线耐久度较低。
鱼线耐久度：12",适于新手使用的木质鱼竿，因其较高的性价比，经常位居钓鱼爱好者网站中钓竿排行榜前十。,"月亮湾渔具商店
钓鱼点选渔具商店快捷购买",重要物品、可购买、功能解锁、钓鱼用具,新手鱼竿,,
中级鱼竿,蓝,1200鱼鳞币,"可用于钓鱼的鱼竿，其配备的鱼线耐久度中等。同时将略微提高上钩的鱼的重量。
鱼线耐久度：18",颇受钓鱼爱好者青睐的玻璃纤维制鱼竿，较高的材料强度使其更为耐用。,"月亮湾渔具商店
钓鱼点选渔具商店快捷购买",重要物品、可购买、功能解锁、钓鱼用具,中级鱼竿,,
高级鱼竿,紫,9000鱼鳞币,"可用于钓鱼的鱼竿，其配备的鱼线耐久度较高。同时将小幅提高上钩的鱼的重量。
鱼线耐久度：28",采用了碳纤维材料的钓竿，又称碳素竿，具有轻、坚实、抗拉强度高的特点，其酷炫的造型让无数钓鱼爱好者趋之若鹜。,"月亮湾渔具商店
钓鱼点选渔具商店快捷购买",重要物品、可购买、功能解锁、钓鱼用具,高级鱼竿,,
钓王鱼竿,金,42500鱼鳞币,"可用于钓鱼的鱼竿，其配备的鱼线耐久度极高。同时将较大提高上钩的鱼的重量。
鱼线耐久度：40",采用航空级别的钛合金材料，并施加镀金工艺的最高等级鱼竿，只有成为钓鱼界王者之人才有资格拥有它。,"月亮湾渔具商店
钓鱼点选渔具商店快捷购买",重要物品、可购买、功能解锁、钓鱼用具,钓王鱼竿,,
《星闻周刊》,金,5强效止疼片,知名娱乐周刊，每个在押人员的最爱。可用于交换珍贵的物品。,一成不变的日子里，每个人都在渴望新鲜东西，无论囚笼内外皆是如此。唯一不同的是，在高墙之内，一沓印满最新消息的铜版纸会被赋予远高于其售价的价值：谁能拥有它，谁就掌握了对「自由世界」的定义权——当所有人都对外界一无所知时，只有你对时下动态了如指掌。这或许帮不上你什么，但足以让你产生一种世界还没抛弃你的错觉。,"治安拘留所探索获取
「蜘蛛」商店",重要物品、特殊获取、玩法、代币、监狱、不可再生、消耗品、可保留,《星闻周刊》,,
坚如磐匙,紫,5强效止疼片,异常坚韧的汤匙。只需一击，即可粉碎一切砖墙。,异常坚韧的汤匙。只需一击，即可粉碎一切砖墙。,「蜘蛛」商店,重要物品、可购买、玩法、监狱、唯一,坚如磐匙,,
电波干扰器,紫,5强效止疼片,某种特殊的电子设备，能让使用者在探照灯的光芒下隐匿踪迹。,某种特殊的电子设备，能让使用者在探照灯的光芒下隐匿踪迹。,「蜘蛛」商店,重要物品、可购买、玩法、监狱、唯一,电波干扰器,,
《周刑Fantasy》,蓝,0,印刷拙劣的盗版漫画，可用于交换物品。,因盗版而获刑的人，在拘留所里也很难不重操旧业。这些盗版杂志虽然颜色诡异，还充斥着各种错别字，但至少让人们在铁窗内依旧可以追更。,治安拘留所探索获取,重要物品、可拾取、玩法、监狱、消耗品,《周刑Fantasy》,,
纸牌,蓝,0,一副旧纸牌，似乎多几张或少几张也无人在意。可用于交换物品。,拘留所里最有效的交际工具，也是不少人被关禁闭的直接原因。放轻松，这只是个游戏！,治安拘留所探索获取,重要物品、可拾取、玩法、监狱、消耗品,纸牌,,
肥皂,蓝,0,拘留所的全能清洁冠军，某些有洁癖的在押人员很需要。可用于交换物品。,干燥时像块石头，沾水后像条泥鳅。要是抓不牢，它转眼间就会溜进排水沟。,治安拘留所探索获取,重要物品、可拾取、玩法、监狱、消耗品,肥皂,,
浓缩消毒液,绿,0,某种高腐蚀性消毒剂的原液，浓度足以腐蚀金属。,这种消毒液通常需要稀释后使用，用以清除伤口的感染源。但如果未经稀释，直接使用，或许也能清除某些在押人员逃离路上的障碍。,治安拘留所探索获取,重要物品、特殊获取、玩法、监狱、消耗品,浓缩消毒液,,
浅绯祈-蓝色彼方-监狱,绿,0,以「邂逅~银月圆舞会」中的高人气角色浅绯祈为原型设计的玩偶，做工细腻，布料考究，渐变色的涂装宛若月光下轻盈的圆舞曲，让人一见倾心。,以「邂逅~银月圆舞会」中的高人气角色浅绯祈为原型设计的玩偶，做工细腻，布料考究，渐变色的涂装宛若月光下轻盈的圆舞曲，让人一见倾心。,治安拘留所探索获取,重要物品、特殊获取、玩法、监狱、消耗品,浅绯祈-蓝色彼方-监狱,,
「静息灵」,绿,0,「活化石」特制的麻痹药，注射后会让人陷入难以查明原因的深度昏迷。,只需一小滴，就足以让你的身体呈现出完美的「多脏器衰竭」假象，骗过拘留所医务室那些过时的检测器材。切勿过量使用，以免连海特洛市立医院都对你束手无策，让你在来得及苏醒前就被推进某些……对活人来说不太妙的地方。,治安拘留所探索获取,重要物品、特殊获取、玩法、监狱、消耗品,「静息灵」,,
偏门钥匙,绿,0,偏门的钥匙，可以打开拘留所偏门，通向拘留所外。,看上去有点年头的钥匙，绝大多数现役的管教都不清楚为什么这边会有扇门。,治安拘留所探索获取,重要物品、特殊获取、玩法、监狱、消耗品,偏门钥匙,,
岗楼钥匙,绿,0,治安所岗楼的钥匙，可以打开岗楼大门，通向楼顶。,这把小小的钥匙是通往治安拘留所最高处的唯一凭证。在这座拘留所里，高处就意味着视野，而视野则意味着自由——站在那里，高墙铁网外的荒野与海看起来触手可及。又或许，对你来说，它们真的触手可及。,治安拘留所探索获取,重要物品、特殊获取、玩法、监狱、消耗品,岗楼钥匙,,
汤匙,绿,0,食堂配发的金属汤匙，结实耐用，但多次用于挖掘后也可能断裂。,不少在押人员坚信：「得汤匙者得自由。」正因如此，食堂的汤匙常常不翼而飞，其流失率堪比医生的蓝色签字笔。但显然，真正靠一把汤匙逃出生天的例子寥寥无几。合理怀疑，默许人们持有汤匙，或许正是管教用来消磨在押人员出逃积极性的潜在策略之一。,治安拘留所探索获取,重要物品、特殊获取、玩法、监狱、消耗品,汤匙,,
床单,绿,0,海特洛市治安拘留所监室中配发的床单。撕裂床单，可以获得布条。,粗糙如砂纸，坚硬如像钢板。每个躺在上面的夜晚，它所造成的痛苦都会让你更深刻地反省自己的罪行。,治安拘留所探索获取,重要物品、可拾取、玩法、监狱、消耗品,床单,,
脏兮兮的破旧拘留服,绿,0,海特洛市治安拘留所在押人员配发的拘留服。,拘留所统一服装，版型合身、面料舒适、颜色亮眼，要是平常也能穿的话……,治安拘留所探索获取,重要物品、可拾取、玩法、监狱、消耗品,脏兮兮的破旧拘留服,,
混沌谜核,金,0,"「粉爪大劫案」玩法中可获得的珍稀品质道具，仅能使用一次，能与「高级权限卡.一」一起使用可以开启银行最为宏伟的金库大门。
能够带出银行，最多同时拥有2个。",原本似乎是某种器物的核心，如今却失去了最初的辉光。孤独的秘藏被看守在收藏室的深处，期盼着终有一日能被安置到正确的地方。,「粉爪大劫案」玩法获取,重要物品、可拾取、消耗品、玩法、粉爪大劫案,混沌谜核,,
配电箱钥匙,绿,0,"「粉爪大劫案」玩法中可获得的基础品质道具，仅能使用一次，可以开启配电箱。
能够带出银行，最多同时拥有10个。",一把毫不起眼的铁灰色钥匙，用于开启配电箱。,「粉爪大劫案」玩法获取,重要物品、可拾取、消耗品、玩法、粉爪大劫案,配电箱钥匙,,
高级权限卡·一,金,0,"「粉爪大劫案」玩法中与「混沌谜核」一起使用可以开启银行最为宏伟的金库大门，仅可使用一次。
能够带出银行，最多同时拥有3个。",管理员才能持有的高级权限卡，可以开启最大的金库大门。,「粉爪大劫案」玩法获取,重要物品、可拾取、消耗品、玩法、粉爪大劫案,高级权限卡·一,,
高级权限卡·二,金,0,「粉爪大劫案」玩法中可以开启收藏楼层的管理员房间，仅可使用一次。,管理员才能持有的高级权限卡，可以开启最大的金库大门。,「粉爪大劫案」玩法获取,重要物品、可拾取、消耗品、玩法、粉爪大劫案,高级权限卡·二,,
普通权限卡,蓝,0,"「粉爪大劫案」玩法中可获得的普通品质道具，能够多次使用，可以开启副行长办公室的电梯。
能够带出银行，最多同时拥有10个。",副行长的权限卡，可以用它乘坐副行长专用电梯。,「粉爪大劫案」玩法获取,重要物品、可拾取、消耗品、玩法、粉爪大劫案,普通权限卡,,
收藏层直通卡,蓝,0,"「粉爪大劫案」玩法中可获得的普通品质道具，仅能使用一次，可以开启前往收藏层的电梯。
能够带出银行，最多同时拥有5个。",曾属于某个员工的办公直通卡，可以凭此卡直达收藏层。,「粉爪大劫案」玩法获取,重要物品、可拾取、消耗品、玩法、粉爪大劫案,收藏层直通卡,,
金库直通卡,蓝,0,"「粉爪大劫案」玩法中可获得的普通品质道具，仅能使用一次，可以开启前往金库的电梯。
能够带出银行，最多同时拥有5个。",不知属于何人的金库直通卡，想要直达金库？就带上它吧。,「粉爪大劫案」玩法获取,重要物品、可拾取、消耗品、玩法、粉爪大劫案,金库直通卡,,
临时访客卡,绿,0,"「粉爪大劫案」玩法中可获得的基础品质道具，仅能使用一次，可以开启某些临时上锁的电梯门。
能够带出银行，最多同时拥有10个。",银行专门为外来访客提供的身份卡，可以凭此卡开启楼层间的电梯。,「粉爪大劫案」玩法获取,重要物品、可拾取、消耗品、玩法、粉爪大劫案,临时访客卡,,
金库门禁卡·一,紫,0,"「粉爪大劫案」玩法中可获得的珍稀品质道具，仅能使用一次，可以开启1号金库。
能够带出银行，最多同时拥有5个。",1号金库的门禁卡，可以打开银行的普通金库，里面通常会有零星的保险箱。,「粉爪大劫案」玩法获取,重要物品、可拾取、消耗品、玩法、粉爪大劫案,金库门禁卡·一,,
金库门禁卡·二,紫,0,"「粉爪大劫案」玩法中可获得的珍稀品质道具，仅能使用一次，可以开启2号金库。
能够带出银行，最多同时拥有5个。",2号金库的门禁卡，可以打开经常会租赁给不同的客户的金库，里面通常会有一些保险箱。,「粉爪大劫案」玩法获取,重要物品、可拾取、消耗品、玩法、粉爪大劫案,金库门禁卡·二,,
金库门禁卡·三,金,0,"「粉爪大劫案」玩法中可获得的珍稀品质道具，仅能使用一次，可以开启3号金库。
能够带出银行，最多同时拥有5个。",3号金库的门禁卡，可以打开隶属于银行高层人士的金库，说不定能在其中找到其他房间的门禁卡。,「粉爪大劫案」玩法获取,重要物品、可拾取、消耗品、玩法、粉爪大劫案,金库门禁卡·三,,
金库门禁卡·四,金,0,"「粉爪大劫案」玩法中可获得的珍稀品质道具，仅能使用一次，可以开启4号金库。
能够带出银行，最多同时拥有5个。",4号金库的门禁卡，可以打开银行最常使用的金库，里面一般会有些零散的纸钞。,「粉爪大劫案」玩法获取,重要物品、可拾取、消耗品、玩法、粉爪大劫案,金库门禁卡·四,,
金库门禁卡·五,金,0,"「粉爪大劫案」玩法中可获得的珍稀品质道具，仅能使用一次，可以开启5号金库。
能够带出银行，最多同时拥有5个。",5号金库的门禁卡，可以打开用以储蓄银行日常资金的金库，或许能在里面找到不少纸钞。,「粉爪大劫案」玩法获取,重要物品、可拾取、消耗品、玩法、粉爪大劫案,金库门禁卡·五,,
金库门禁卡·六,金,0,"「粉爪大劫案」玩法中可获得的珍稀品质道具，仅能使用一次，可以开启6号金库。
能够带出银行，最多同时拥有5个。",6号金库的门禁卡，可以打开贮存有大量备用钱币的金库，或许能在里面找到数量可观的纸钞。,「粉爪大劫案」玩法获取,重要物品、可拾取、消耗品、玩法、粉爪大劫案,金库门禁卡·六,,
金库门禁卡·七,金,0,"「粉爪大劫案」玩法中可获得的珍稀品质道具，仅能使用一次，可以开启7号金库。
能够带出银行，最多同时拥有5个。",7号金库的门禁卡，可以打开属于某个有名权贵的金库，据说其中珍藏有诸如青花花瓶之类的古董珍品。,「粉爪大劫案」玩法获取,重要物品、可拾取、消耗品、玩法、粉爪大劫案,金库门禁卡·七,,
金库门禁卡·八,金,0,"「粉爪大劫案」玩法中可获得的珍稀品质道具，仅能使用一次，可以开启8号金库。
能够带出银行，最多同时拥有5个。",8号金库的门禁卡，可以打开存放着一位富豪收藏品的金库，据说其中珍藏有诸如青花花瓶之类的古董珍品。,「粉爪大劫案」玩法获取,重要物品、可拾取、消耗品、玩法、粉爪大劫案,金库门禁卡·八,,
金库门禁卡·九,金,0,"「粉爪大劫案」玩法中可获得的珍稀品质道具，仅能使用一次，可以开启9号金库。
能够带出银行，最多同时拥有5个。",9号金库的门禁卡，可以打开不知属于何人的金库，传言里面珍藏有诸如凝华海露之类的名贵珠宝。,「粉爪大劫案」玩法获取,重要物品、可拾取、消耗品、玩法、粉爪大劫案,金库门禁卡·九,,
金库门禁卡·十,金,0,"「粉爪大劫案」玩法中可获得的珍稀品质道具，仅能使用一次，可以开启10号金库。
能够带出银行，最多同时拥有5个。",10号金库的门禁卡，可以打开一座罕为人知的神秘金库，至今尚无人知晓里面藏有何等的珍奇。,「粉爪大劫案」玩法获取,重要物品、可拾取、消耗品、玩法、粉爪大劫案,金库门禁卡·十,,
经理办公室门禁卡,金,0,"「粉爪大劫案」玩法中可获得的珍稀品质道具，仅能使用一次，可以开启办公层经理办公室的门。
能够带出银行，最多同时拥有2个。",凭此卡可以进入办公层经理办公室，据说可以从那里直接通往总经理的私人休息室。,「粉爪大劫案」玩法获取,重要物品、可拾取、消耗品、玩法、粉爪大劫案,经理办公室门禁卡,,
经理储物间门禁卡,金,0,"「粉爪大劫案」玩法中可获得的珍稀品质道具，仅能使用一次，可以开启收藏层经理储物间的门。
能够带出银行，最多同时拥有2个。",凭此卡可以进入办公层经理储物间，以及储物间里的另一个神秘空间……？,「粉爪大劫案」玩法获取,重要物品、可拾取、消耗品、玩法、粉爪大劫案,经理储物间门禁卡,,
副经理办公室门禁卡,紫,0,"「粉爪大劫案」玩法中可获得的贵重品质道具，仅能使用一次，可以开启办公层副经理办公室的门。
能够带出银行，最多同时拥有3个。",凭此卡可以进入办公层副经理办公室，里面说不定会存放有一些保险箱之类的物件。,「粉爪大劫案」玩法获取,重要物品、可拾取、消耗品、玩法、粉爪大劫案,副经理办公室门禁卡,,
配电间门禁卡,紫,0,"「粉爪大劫案」玩法中可获得的贵重品质道具，仅能使用一次，可以开启收藏层配电间的门。
能够带出银行，最多同时拥有3个。",凭此卡可以进入收藏层配电间……等等，你去那里做什么？,「粉爪大劫案」玩法获取,重要物品、可拾取、消耗品、玩法、粉爪大劫案,配电间门禁卡,,
监控室门禁卡,紫,0,"「粉爪大劫案」玩法中可获得的贵重品质道具，仅能使用一次，可以开启收藏层监控室的门。
能够带出银行，最多同时拥有3个。",凭此卡可以进入收藏层监控室，话说回来，监控室里有那么大一个保险箱是正常的吗……,「粉爪大劫案」玩法获取,重要物品、可拾取、消耗品、玩法、粉爪大劫案,监控室门禁卡,,
娱乐室门禁卡,蓝,0,"「粉爪大劫案」玩法中可获得的普通品质道具，仅能使用一次，可以开启办公层娱乐室的门。
能够带出银行，最多同时拥有5个。",凭此卡可以进入银行员工经常使用的娱乐室，稍微留心的话会发现似乎总有人在里面遗落一些东西……,「粉爪大劫案」玩法获取,重要物品、可拾取、消耗品、玩法、粉爪大劫案,娱乐室门禁卡,,
会议室门禁卡,蓝,0,"「粉爪大劫案」玩法中可获得的普通品质道具，仅能使用一次，可以开启收藏层会议室的门。
能够带出银行，最多同时拥有5个。",凭此卡可以进入收藏层角落的会议室，根据里面直通副行长办公室的电梯来看，这间会议室似乎是专属于某人的。,「粉爪大劫案」玩法获取,重要物品、可拾取、消耗品、玩法、粉爪大劫案,会议室门禁卡,,
